[15:03:28] MEESHO
Query: mock soap test
Search page: loaded
Selector used: primary
Products detected: 0
Products extracted: 0
Status: ERROR
Duration: 0.81 sec
Error: Cannot switch to a different thread
	Current:  <greenlet.greenlet object at 0x00000279F4D13B00 (otid=0x00000279F4D35AD0) current active started main>
	Expected: <greenlet.greenlet object at 0x00000279F2B21980 (otid=0x00000279F405D890) suspended active started main>
[15:03:28] FLIPKART
Query: mock soap test
Search page: loaded
Selector used: primary
Products detected: 0
Products extracted: 0
Status: ERROR
Duration: 0.81 sec
Error: Cannot switch to a different thread
	Current:  <greenlet.greenlet object at 0x00000279F4BB9E00 (otid=0x00000279F4D35B30) current active started main>
	Expected: <greenlet.greenlet object at 0x00000279F2B21980 (otid=0x00000279F405D890) suspended active started main>
[15:03:36] AMAZON
Query: mock soap test
Search page: loaded
Selector used: data-component-type
Products detected: 30
Products extracted: 26
Status: SUCCESS
Duration: 9.09 sec
[21:22:54] FLIPKART
Query: vivo t4 pro charger
Search page: loaded
Selector used: link_traversal
Products detected: 45
Products extracted: 24
Status: SUCCESS
Duration: 67.99 sec
[21:22:56] AMAZON
Query: vivo t4 pro charger
Search page: loaded
Selector used: data-component-type
Products detected: 22
Products extracted: 21
Status: SUCCESS
Duration: 70.26 sec
[21:22:59] MEESHO
Query: vivo t4 pro charger
Search page: loaded
Selector used: styled_components
Products detected: 20
Products extracted: 20
Status: SUCCESS
Duration: 73.01 sec
[21:42:51] MEESHO
Query: vivo t4 pro charger
Search page: loaded
Selector used: styled_components
Products detected: 20
Products extracted: 20
Status: SUCCESS
Duration: 10.99 sec
[21:52:13] MEESHO
Query: vivo t4 pro charger
Search page: loaded
Selector used: styled_components
Products detected: 20
Products extracted: 20
Status: SUCCESS
Duration: 24.34 sec
[22:01:06] FLIPKART
Query: chia seeds
Search page: loaded
Selector used: link_traversal
Products detected: 45
Products extracted: 24
Status: SUCCESS
Duration: 35.56 sec
[22:01:06] MEESHO
Query: chia seeds
Search page: loaded
Selector used: styled_components
Products detected: 20
Products extracted: 20
Status: SUCCESS
Duration: 35.79 sec
[22:01:08] AMAZON
Query: chia seeds
Search page: loaded
Selector used: data-component-type
Products detected: 60
Products extracted: 28
Status: SUCCESS
Duration: 37.86 sec
[22:03:21] FLIPKART
Query: under wear
Search page: loaded
Selector used: link_traversal
Products detected: 85
Products extracted: 24
Status: SUCCESS
Duration: 18.29 sec
[22:03:23] MEESHO
Query: under wear
Search page: loaded
Selector used: styled_components
Products detected: 40
Products extracted: 24
Status: SUCCESS
Duration: 20.17 sec
[22:03:23] AMAZON
Query: under wear
Search page: loaded
Selector used: data-component-type
Products detected: 60
Products extracted: 28
Status: SUCCESS
Duration: 20.40 sec
[22:04:19] FLIPKART
Query: mens innerware
Search page: loaded
Selector used: primary
Products detected: 0
Products extracted: 0
Status: ERROR
Duration: 33.61 sec
Error: Page.goto: Timeout 28000ms exceeded.
Call log:
  - navigating to "https://www.flipkart.com/search?q=mens%20innerware", waiting until "domcontentloaded"

[22:04:24] MEESHO
Query: mens innerware
Search page: loaded
Selector used: primary
Products detected: 0
Products extracted: 0
Status: ERROR
Duration: 39.48 sec
Error: Page.goto: Timeout 28000ms exceeded.
Call log:
  - navigating to "https://www.meesho.com/search?q=mens%20innerware", waiting until "domcontentloaded"

[22:05:57] AMAZON
Query: mens innerware
Search page: loaded
Selector used: data-component-type
Products detected: 60
Products extracted: 28
Status: SUCCESS
Duration: 132.29 sec
[22:07:11] FLIPKART
Query: mens innerwear
Search page: loaded
Selector used: link_traversal
Products detected: 84
Products extracted: 24
Status: SUCCESS
Duration: 11.72 sec
[22:07:18] MEESHO
Query: mens innerwear
Search page: loaded
Selector used: styled_components
Products detected: 20
Products extracted: 20
Status: SUCCESS
Duration: 18.60 sec
[22:07:21] AMAZON
Query: mens innerwear
Search page: loaded
Selector used: data-component-type
Products detected: 60
Products extracted: 28
Status: SUCCESS
Duration: 21.84 sec
[22:08:21] AMAZON
Query: vivo t4 charger
Search page: loaded
Selector used: data-component-type
Products detected: 22
Products extracted: 21
Status: SUCCESS
Duration: 16.84 sec
[22:08:22] FLIPKART
Query: vivo t4 charger
Search page: loaded
Selector used: link_traversal
Products detected: 45
Products extracted: 24
Status: SUCCESS
Duration: 17.95 sec
[22:08:51] MEESHO
Query: vivo t4 charger
Search page: loaded
Selector used: primary
Products detected: 0
Products extracted: 0
Status: ERROR
Duration: 46.16 sec
Error: Page.goto: Timeout 28000ms exceeded.
Call log:
  - navigating to "https://www.meesho.com/search?q=vivo%20t4%20charger", waiting until "domcontentloaded"

[22:10:26] FLIPKART
Query: HP laptop bags
Search page: loaded
Selector used: link_traversal
Products detected: 85
Products extracted: 24
Status: SUCCESS
Duration: 9.00 sec
[22:10:32] MEESHO
Query: HP laptop bags
Search page: loaded
Selector used: styled_components
Products detected: 20
Products extracted: 20
Status: SUCCESS
Duration: 14.95 sec
[22:10:32] AMAZON
Query: HP laptop bags
Search page: loaded
Selector used: data-component-type
Products detected: 22
Products extracted: 22
Status: SUCCESS
Duration: 15.32 sec
[22:11:56] MEESHO
Query: pilgrim face wash
Search page: loaded
Selector used: primary
Products detected: 0
Products extracted: 0
Status: ERROR
Duration: 44.02 sec
Error: Page.goto: Timeout 28000ms exceeded.
Call log:
  - navigating to "https://www.meesho.com/search?q=pilgrim%20face%20wash", waiting until "domcontentloaded"

[22:12:01] FLIPKART
Query: pilgrim face wash
Search page: loaded
Selector used: link_traversal
Products detected: 45
Products extracted: 24
Status: SUCCESS
Duration: 49.05 sec
[22:12:38] AMAZON
Query: pilgrim face wash
Search page: loaded
Selector used: data-component-type
Products detected: 60
Products extracted: 28
Status: SUCCESS
Duration: 86.44 sec
[22:28:46] MEESHO
Query: vivo t4 pro charger
Search page: loaded
Selector used: styled_components
Products detected: 20
Products extracted: 20
Status: SUCCESS
Duration: 18.75 sec
[23:35:08] FLIPKART
Query: ghar
Search page: loaded
Selector used: playwright
Products detected: 40
Products extracted: 28
Status: SUCCESS
Duration: 9.42 sec
[23:35:14] AMAZON
Query: ghar
Search page: loaded
Selector used: playwright
Products detected: 55
Products extracted: 28
Status: SUCCESS
Duration: 15.41 sec
[23:35:26] MEESHO
Query: ghar
Search page: loaded
Selector used: primary
Products detected: 0
Products extracted: 0
Status: NO_RESULTS
Duration: 27.06 sec
Error: No products found on Meesho for this query
[23:45:56] MEESHO
Query: ghar
Search page: loaded
Selector used: playwright
Products detected: 17
Products extracted: 17
Status: SUCCESS
Duration: 8.67 sec
[23:45:57] FLIPKART
Query: ghar
Search page: loaded
Selector used: playwright
Products detected: 39
Products extracted: 28
Status: SUCCESS
Duration: 9.53 sec
[23:45:59] AMAZON
Query: ghar
Search page: loaded
Selector used: playwright
Products detected: 56
Products extracted: 28
Status: SUCCESS
Duration: 12.14 sec
[23:46:26] FLIPKART
Query: chia seeds 500g
Search page: loaded
Selector used: playwright
Products detected: 35
Products extracted: 28
Status: SUCCESS
Duration: 6.13 sec
[23:46:29] AMAZON
Query: chia seeds 500g
Search page: loaded
Selector used: playwright
Products detected: 60
Products extracted: 28
Status: SUCCESS
Duration: 9.54 sec
[23:46:30] MEESHO
Query: chia seeds 500g
Search page: loaded
Selector used: playwright
Products detected: 17
Products extracted: 17
Status: SUCCESS
Duration: 10.52 sec
[23:55:13] FLIPKART
Query: ghar soap
Search page: loaded
Selector used: primary
Products detected: 0
Products extracted: 0
Status: ERROR
Duration: 82.52 sec
Error: Page.goto: Timeout 28000ms exceeded.
Call log:
  - navigating to "https://www.flipkart.com/search?q=ghar%20soap", waiting until "domcontentloaded"

[23:55:23] MEESHO
Query: ghar soap
Search page: loaded
Selector used: primary
Products detected: 0
Products extracted: 0
Status: ERROR
Duration: 92.24 sec
Error: Page.goto: Timeout 28000ms exceeded.
Call log:
  - navigating to "https://www.meesho.com/search?q=ghar%20soap", waiting until "domcontentloaded"

[23:55:50] AMAZON
Query: ghar soap
Search page: loaded
Selector used: playwright
Products detected: 60
Products extracted: 28
Status: SUCCESS
Duration: 118.75 sec
[23:57:15] AMAZON
Query: vivo t4
Search page: loaded
Selector used: playwright
Products detected: 17
Products extracted: 17
Status: SUCCESS
Duration: 9.31 sec
[23:57:15] FLIPKART
Query: vivo t4
Search page: loaded
Selector used: primary
Products detected: 0
Products extracted: 0
Status: NO_RESULTS
Duration: 9.75 sec
Error: No products found on search page
[23:57:21] MEESHO
Query: vivo t4
Search page: loaded
Selector used: playwright
Products detected: 10
Products extracted: 10
Status: SUCCESS
Duration: 15.29 sec
[20:53:44] FLIPKART
Query: vivo t5
Search page: loaded
Selector used: grid_view
Products detected: 24
Products extracted: 18
Status: SUCCESS
Duration: 18.57 sec
[20:53:46] AMAZON
Query: vivo t5
Search page: loaded
Selector used: data-component-type
Products detected: 20
Products extracted: 19
Status: SUCCESS
Duration: 20.77 sec
[20:53:56] MEESHO
Query: vivo t5
Search page: loaded
Selector used: styled_components
Products detected: 20
Products extracted: 20
Status: SUCCESS
Duration: 30.59 sec
[20:54:54] AMAZON
Query: hp laptop charger
Search page: loaded
Selector used: data-component-type
Products detected: 22
Products extracted: 20
Status: SUCCESS
Duration: 9.38 sec
[20:54:55] FLIPKART
Query: hp laptop charger
Search page: loaded
Selector used: link_traversal
Products detected: 45
Products extracted: 24
Status: SUCCESS
Duration: 10.23 sec
[20:55:06] MEESHO
Query: hp laptop charger
Search page: loaded
Selector used: styled_components
Products detected: 20
Products extracted: 20
Status: SUCCESS
Duration: 21.88 sec
[21:12:49] MEESHO
Query: hp laptop charger
Search page: loaded
Selector used: styled_components
Products detected: 20
Products extracted: 20
Status: SUCCESS
Duration: 7.56 sec
[21:32:52] MEESHO
Query: hp laptop charger
Search page: loaded
Selector used: styled_components
Products detected: 20
Products extracted: 20
Status: SUCCESS
Duration: 6.47 sec
[21:33:57] MEESHO
Query: hp laptop charger
Search page: loaded
Selector used: styled_components
Products detected: 20
Products extracted: 20
Status: SUCCESS
Duration: 10.59 sec
[21:51:20] FLIPKART
Query: hp laptop charger
Search page: loaded
Selector used: link_traversal
Products detected: 45
Products extracted: 24
Status: SUCCESS
Duration: 5.48 sec
[21:51:20] AMAZON
Query: hp laptop charger
Search page: loaded
Selector used: data-component-type
Products detected: 22
Products extracted: 19
Status: SUCCESS
Duration: 5.82 sec
[21:52:08] AMAZON
Query: hp laptop charger
Search page: loaded
Selector used: data-component-type
Products detected: 22
Products extracted: 20
Status: SUCCESS
Duration: 5.76 sec
[21:52:08] FLIPKART
Query: hp laptop charger
Search page: loaded
Selector used: link_traversal
Products detected: 45
Products extracted: 24
Status: SUCCESS
Duration: 5.76 sec
[21:53:54] AMAZON
Query: hp laptop charger
Search page: loaded
Selector used: data-component-type
Products detected: 22
Products extracted: 20
Status: SUCCESS
Duration: 5.03 sec
[21:53:54] FLIPKART
Query: hp laptop charger
Search page: loaded
Selector used: link_traversal
Products detected: 45
Products extracted: 24
Status: SUCCESS
Duration: 5.65 sec
[21:55:42] AMAZON
Query: hp laptop charger
Search page: loaded
Selector used: data-component-type
Products detected: 22
Products extracted: 19
Status: SUCCESS
Duration: 26.63 sec
[21:55:44] FLIPKART
Query: hp laptop charger
Search page: loaded
Selector used: link_traversal
Products detected: 45
Products extracted: 24
Status: SUCCESS
Duration: 28.79 sec
[21:55:48] MEESHO
Query: hp laptop charger
Search page: loaded
Selector used: meesho_service
Products detected: 10
Products extracted: 10
Status: SUCCESS
Duration: 33.04 sec
[21:59:41] AMAZON
Query: hp laptop charger
Search page: loaded
Selector used: primary
Products detected: 0
Products extracted: 0
Status: ERROR
Duration: 23.45 sec
Error: Page.goto: net::ERR_NAME_NOT_RESOLVED at https://www.amazon.in/s?k=hp%20laptop%20charger
Call log:
  - navigating to "https://www.amazon.in/s?k=hp%20laptop%20charger", waiting until "domcontentloaded"

[21:59:41] FLIPKART
Query: hp laptop charger
Search page: loaded
Selector used: primary
Products detected: 0
Products extracted: 0
Status: ERROR
Duration: 23.47 sec
Error: Page.goto: net::ERR_NAME_NOT_RESOLVED at https://www.flipkart.com/search?q=hp%20laptop%20charger
Call log:
  - navigating to "https://www.flipkart.com/search?q=hp%20laptop%20charger", waiting until "domcontentloaded"

[21:59:45] MEESHO
Query: hp laptop charger
Search page: loaded
Selector used: meesho_service
Products detected: 0
Products extracted: 0
Status: TIMEOUT
Duration: 26.57 sec
Error: Navigation timeout on firefox: Page.goto: NS_ERROR_UNKNOWN_HOST
Call log:
  - navigating to "https://www.meesho.com/search?q=hp%20laptop%20charger", waiting until "domcontentloaded"

[22:02:00] AMAZON
Query: hp laptop charger
Search page: loaded
Selector used: data-component-type
Products detected: 22
Products extracted: 19
Status: SUCCESS
Duration: 5.17 sec
[22:02:00] FLIPKART
Query: hp laptop charger
Search page: loaded
Selector used: link_traversal
Products detected: 45
Products extracted: 24
Status: SUCCESS
Duration: 5.17 sec
[22:02:06] MEESHO
Query: hp laptop charger
Search page: loaded
Selector used: meesho_service
Products detected: 0
Products extracted: 0
Status: BLOCKED
Duration: 11.37 sec
Error: No products found on Meesho for 'hp laptop charger'
[22:11:49] FLIPKART
Query: pilgrim face wash
Search page: loaded
Selector used: link_traversal
Products detected: 45
Products extracted: 24
Status: SUCCESS
Duration: 74.57 sec
[22:11:58] MEESHO
Query: pilgrim face wash
Search page: loaded
Selector used: primary
Products detected: 0
Products extracted: 0
Status: ERROR
Duration: 81.80 sec
Error: Page.goto: Timeout 28000ms exceeded.
Call log:
  - navigating to "https://www.meesho.com/search?q=pilgrim%20face%20wash", waiting until "domcontentloaded"

[22:12:09] AMAZON
Query: pilgrim face wash
Search page: loaded
Selector used: data-component-type
Products detected: 60
Products extracted: 28
Status: SUCCESS
Duration: 94.82 sec
[22:44:33] FLIPKART
Query: vivo charger
Search page: loaded
Selector used: link_traversal
Products detected: 45
Products extracted: 24
Status: SUCCESS
Duration: 6.01 sec
[22:44:34] AMAZON
Query: vivo charger
Search page: loaded
Selector used: data-component-type
Products detected: 22
Products extracted: 20
Status: SUCCESS
Duration: 7.06 sec
[22:44:36] MEESHO
Query: vivo charger
Search page: loaded
Selector used: styled_components
Products detected: 40
Products extracted: 24
Status: SUCCESS
Duration: 9.22 sec
[22:55:27] FLIPKART
Query: vivo charger
Search page: loaded
Selector used: link_traversal
Products detected: 44
Products extracted: 24
Status: SUCCESS
Duration: 6.27 sec
[22:55:28] AMAZON
Query: vivo charger
Search page: loaded
Selector used: data-component-type
Products detected: 22
Products extracted: 20
Status: SUCCESS
Duration: 6.99 sec
[22:55:31] MEESHO
Query: vivo charger
Search page: loaded
Selector used: styled_components
Products detected: 20
Products extracted: 20
Status: SUCCESS
Duration: 10.10 sec
[22:58:10] FLIPKART
Query: vivo charger
Search page: loaded
Selector used: link_traversal
Products detected: 45
Products extracted: 24
Status: SUCCESS
Duration: 5.58 sec
[22:58:10] AMAZON
Query: vivo charger
Search page: loaded
Selector used: data-component-type
Products detected: 22
Products extracted: 20
Status: SUCCESS
Duration: 6.08 sec
[22:58:18] MEESHO
Query: vivo charger
Search page: loaded
Selector used: modular_meesho
Products detected: 15
Products extracted: 15
Status: SUCCESS
Duration: 13.97 sec
[23:01:30] FLIPKART
Query: pilgrim face wash
Search page: loaded
Selector used: link_traversal
Products detected: 45
Products extracted: 24
Status: SUCCESS
Duration: 6.78 sec
[23:02:04] AMAZON
Query: pilgrim face wash
Search page: loaded
Selector used: data-component-type
Products detected: 60
Products extracted: 28
Status: SUCCESS
Duration: 40.44 sec
[23:02:07] MEESHO
Query: pilgrim face wash
Search page: loaded
Selector used: modular_meesho
Products detected: 15
Products extracted: 15
Status: SUCCESS
Duration: 43.43 sec
[23:03:42] FLIPKART
Query: vivo t4 charger
Search page: loaded
Selector used: link_traversal
Products detected: 45
Products extracted: 24
Status: SUCCESS
Duration: 44.38 sec
[23:03:46] AMAZON
Query: vivo t4 charger
Search page: loaded
Selector used: data-component-type
Products detected: 22
Products extracted: 22
Status: SUCCESS
Duration: 48.38 sec
[23:03:58] MEESHO
Query: vivo t4 charger
Search page: loaded
Selector used: modular_meesho
Products detected: 15
Products extracted: 15
Status: SUCCESS
Duration: 59.80 sec
[23:21:20] MEESHO
query="pilgrim face wash"
provider=meesho_provider
status=success
retry=2
products=15
url=https://www.meesho.com/search?q=pilgrim+face+wash
duration=13.23s

[23:21:26] AMAZON
query="pilgrim face wash"
provider=amazon_provider
status=success
retry=0
products=20
url=https://www.amazon.in/s?k=pilgrim%20face%20wash
duration=6.55s

[23:21:32] FLIPKART
query="pilgrim face wash"
provider=flipkart_provider
status=success
retry=0
products=20
url=https://www.flipkart.com/search?q=pilgrim%20face%20wash
duration=6.05s

[23:22:58] MEESHO
query="pilgrim face wash"
provider=meesho_provider
status=success
retry=2
products=15
url=https://www.meesho.com/search?q=pilgrim+face+wash
duration=8.68s

[23:23:04] AMAZON
query="pilgrim face wash"
provider=amazon_provider
status=success
retry=0
products=20
url=https://www.amazon.in/s?k=pilgrim%20face%20wash
duration=5.71s

[23:23:07] FLIPKART
query="pilgrim face wash"
provider=flipkart_provider
status=success
retry=0
products=20
url=https://www.flipkart.com/search?q=pilgrim%20face%20wash
duration=3.51s

[23:23:37] AMAZON
query="pilgrim face wash"
provider=amazon_provider
status=scraper_error
retry=0
products=0
duration=0.00s

[23:23:37] FLIPKART
query="pilgrim face wash"
provider=flipkart_provider
status=scraper_error
retry=0
products=0
duration=0.00s

[23:23:56] MEESHO
query="pilgrim face wash"
provider=meesho_provider
status=success
retry=2
products=15
url=https://www.meesho.com/search?q=pilgrim+face+wash
duration=12.90s

[23:23:56] MEESHO
Query: pilgrim face wash
Search page: loaded
Selector used: modular_meesho
Products detected: 15
Products extracted: 15
Status: SUCCESS
Duration: 18.55 sec
[23:23:56] MEESHO
query="pilgrim face wash"
provider=meesho_provider
status=success
retry=0
products=15
duration=18.55s

[23:26:45] AMAZON
query="pilgrim face wash"
provider=amazon_provider
status=scraper_error
retry=0
products=0
duration=0.00s

[23:26:45] FLIPKART
query="pilgrim face wash"
provider=flipkart_provider
status=scraper_error
retry=0
products=0
duration=0.00s

[23:31:43] FLIPKART
query="pilgrim face wash"
provider=flipkart_provider
status=success
retry=0
products=20
url=https://www.flipkart.com/search?q=pilgrim%20face%20wash
duration=6.96s

[23:31:44] FLIPKART
query="pilgrim face wash"
provider=flipkart_provider
status=scraper_error
retry=0
products=0
duration=6.99s

[23:31:44] AMAZON
query="pilgrim face wash"
provider=amazon_provider
status=success
retry=0
products=20
url=https://www.amazon.in/s?k=pilgrim%20face%20wash
duration=7.77s

[23:31:44] AMAZON
query="pilgrim face wash"
provider=amazon_provider
status=scraper_error
retry=0
products=0
duration=7.77s

[23:32:03] MEESHO
query="pilgrim face wash"
provider=meesho_provider
status=success
retry=2
products=15
url=https://www.meesho.com/search?q=pilgrim+face+wash
duration=20.47s

[23:32:03] MEESHO
Query: pilgrim face wash
Search page: loaded
Selector used: modular_meesho
Products detected: 15
Products extracted: 15
Status: SUCCESS
Duration: 26.37 sec
[23:32:03] MEESHO
query="pilgrim face wash"
provider=meesho_provider
status=success
retry=0
products=15
duration=26.37s

[23:37:17] FLIPKART
query="pilgrim face wash"
provider=flipkart_provider
status=success
retry=0
products=20
url=https://www.flipkart.com/search?q=pilgrim%20face%20wash
duration=7.07s

[23:37:17] FLIPKART
Query: pilgrim face wash
Search page: loaded
Selector used: modular_flipkart
Products detected: 20
Products extracted: 20
Status: SUCCESS
Duration: 7.08 sec
[23:37:17] FLIPKART
query="pilgrim face wash"
provider=flipkart_provider
status=success
retry=0
products=20
duration=7.08s

[23:37:19] AMAZON
query="pilgrim face wash"
provider=amazon_provider
status=success
retry=0
products=20
url=https://www.amazon.in/s?k=pilgrim%20face%20wash
duration=9.67s

[23:37:19] AMAZON
Query: pilgrim face wash
Search page: loaded
Selector used: modular_amazon
Products detected: 20
Products extracted: 20
Status: SUCCESS
Duration: 9.67 sec
[23:37:19] AMAZON
query="pilgrim face wash"
provider=amazon_provider
status=success
retry=0
products=20
duration=9.67s

[23:37:26] MEESHO
query="pilgrim face wash"
provider=meesho_provider
status=success
retry=2
products=15
url=https://www.meesho.com/search?q=pilgrim+face+wash
duration=14.19s

[23:37:26] MEESHO
Query: pilgrim face wash
Search page: loaded
Selector used: modular_meesho
Products detected: 15
Products extracted: 15
Status: SUCCESS
Duration: 15.99 sec
[23:37:26] MEESHO
query="pilgrim face wash"
provider=meesho_provider
status=success
retry=0
products=15
duration=15.99s

[23:37:42] FLIPKART
query="vivo charger"
provider=flipkart_provider
status=success
retry=0
products=20
url=https://www.flipkart.com/search?q=vivo%20charger
duration=5.76s

[23:37:42] FLIPKART
Query: vivo charger
Search page: loaded
Selector used: modular_flipkart
Products detected: 20
Products extracted: 20
Status: SUCCESS
Duration: 5.77 sec
[23:37:42] FLIPKART
query="vivo charger"
provider=flipkart_provider
status=success
retry=0
products=20
duration=5.77s

[23:37:43] AMAZON
query="vivo charger"
provider=amazon_provider
status=success
retry=0
products=20
url=https://www.amazon.in/s?k=vivo%20charger
duration=6.98s

[23:37:43] AMAZON
Query: vivo charger
Search page: loaded
Selector used: modular_amazon
Products detected: 20
Products extracted: 20
Status: SUCCESS
Duration: 6.98 sec
[23:37:43] AMAZON
query="vivo charger"
provider=amazon_provider
status=success
retry=0
products=20
duration=6.98s

[23:37:49] MEESHO
query="vivo charger"
provider=meesho_provider
status=success
retry=2
products=15
url=https://www.meesho.com/search?q=vivo+charger
duration=11.66s

[23:37:49] MEESHO
Query: vivo charger
Search page: loaded
Selector used: modular_meesho
Products detected: 15
Products extracted: 15
Status: SUCCESS
Duration: 12.78 sec
[23:37:49] MEESHO
query="vivo charger"
provider=meesho_provider
status=success
retry=0
products=15
duration=12.78s

[23:45:51] FLIPKART
query="vivo t4 charger"
provider=flipkart_provider
status=success
retry=0
products=20
url=https://www.flipkart.com/search?q=vivo%20t4%20charger
duration=43.35s

[23:45:51] FLIPKART
Query: vivo t4 charger
Search page: loaded
Selector used: modular_flipkart
Products detected: 20
Products extracted: 20
Status: SUCCESS
Duration: 43.45 sec
[23:45:51] FLIPKART
query="vivo t4 charger"
provider=flipkart_provider
status=success
retry=0
products=20
duration=43.50s

[23:45:57] AMAZON
query="vivo t4 charger"
provider=amazon_provider
status=success
retry=0
products=20
url=https://www.amazon.in/s?k=vivo%20t4%20charger
duration=49.41s

[23:45:57] AMAZON
Query: vivo t4 charger
Search page: loaded
Selector used: modular_amazon
Products detected: 20
Products extracted: 20
Status: SUCCESS
Duration: 49.41 sec
[23:45:57] AMAZON
query="vivo t4 charger"
provider=amazon_provider
status=success
retry=0
products=20
duration=49.41s

[23:46:01] MEESHO
query="vivo t4 charger"
provider=meesho_provider
status=success
retry=2
products=15
url=https://www.meesho.com/search?q=vivo+t4+charger
duration=50.73s

[23:46:01] MEESHO
Query: vivo t4 charger
Search page: loaded
Selector used: modular_meesho
Products detected: 15
Products extracted: 15
Status: SUCCESS
Duration: 53.64 sec
[23:46:01] MEESHO
query="vivo t4 charger"
provider=meesho_provider
status=success
retry=0
products=15
duration=53.64s

[23:46:56] FLIPKART
query="Earbuds"
provider=flipkart_provider
status=success
retry=0
products=20
url=https://www.flipkart.com/search?q=Earbuds
duration=15.41s

[23:46:56] FLIPKART
Query: Earbuds
Search page: loaded
Selector used: modular_flipkart
Products detected: 20
Products extracted: 20
Status: SUCCESS
Duration: 15.48 sec
[23:46:56] FLIPKART
query="Earbuds"
provider=flipkart_provider
status=success
retry=0
products=20
duration=15.50s

[23:47:12] AMAZON
query="Earbuds"
provider=amazon_provider
status=success
retry=0
products=20
url=https://www.amazon.in/s?k=Earbuds
duration=31.00s

[23:47:12] AMAZON
Query: Earbuds
Search page: loaded
Selector used: modular_amazon
Products detected: 20
Products extracted: 20
Status: SUCCESS
Duration: 31.58 sec
[23:47:13] AMAZON
query="Earbuds"
provider=amazon_provider
status=success
retry=0
products=20
duration=31.71s

[23:47:29] MEESHO
query="earbuds"
provider=meesho_provider
status=success
retry=2
products=15
url=https://www.meesho.com/search?q=earbuds
duration=45.74s

[23:47:29] MEESHO
Query: Earbuds
Search page: loaded
Selector used: modular_meesho
Products detected: 15
Products extracted: 15
Status: SUCCESS
Duration: 48.38 sec
[23:47:29] MEESHO
query="Earbuds"
provider=meesho_provider
status=success
retry=0
products=15
duration=48.38s

[23:49:19] FLIPKART
query="flux seeds"
provider=flipkart_provider
status=success
retry=0
products=20
url=https://www.flipkart.com/search?q=flux%20seeds
duration=39.47s

[23:49:19] FLIPKART
Query: flux seeds
Search page: loaded
Selector used: modular_flipkart
Products detected: 20
Products extracted: 20
Status: SUCCESS
Duration: 39.78 sec
[23:49:19] FLIPKART
query="flux seeds"
provider=flipkart_provider
status=success
retry=0
products=20
duration=39.79s

[23:49:37] AMAZON
query="flux seeds"
provider=amazon_provider
status=success
retry=0
products=20
url=https://www.amazon.in/s?k=flux%20seeds
duration=57.70s

[23:49:37] AMAZON
Query: flux seeds
Search page: loaded
Selector used: modular_amazon
Products detected: 20
Products extracted: 20
Status: SUCCESS
Duration: 57.76 sec
[23:49:37] AMAZON
query="flux seeds"
provider=amazon_provider
status=success
retry=0
products=20
duration=57.76s

[23:50:07] MEESHO
query="flux seeds"
provider=meesho_provider
status=success
retry=2
products=15
url=https://www.meesho.com/search?q=flux+seeds
duration=85.37s

[23:50:07] MEESHO
Query: flux seeds
Search page: loaded
Selector used: modular_meesho
Products detected: 15
Products extracted: 15
Status: SUCCESS
Duration: 87.62 sec
[23:50:07] MEESHO
query="flux seeds"
provider=meesho_provider
status=success
retry=0
products=15
duration=87.62s

[00:00:03] FLIPKART
query="flax seeds"
provider=flipkart_provider
status=success
retry=0
products=5
url=https://www.flipkart.com/search?q=flax%20seeds
duration=5.38s

[00:13:09] FLIPKART
query="flax seeds"
provider=flipkart_provider
status=success
retry=0
products=4
url=https://www.flipkart.com/search?q=flax%20seeds
duration=4.69s

[00:13:13] FLIPKART
query="hp laptop charger"
provider=flipkart_provider
status=success
retry=0
products=4
url=https://www.flipkart.com/search?q=hp%20laptop%20charger
duration=3.81s

[00:13:17] FLIPKART
query="shirt"
provider=flipkart_provider
status=success
retry=0
products=4
url=https://www.flipkart.com/search?q=shirt
duration=3.99s

[00:14:48] FLIPKART
query="flax seeds"
provider=flipkart_provider
status=unavailable
retry=0
products=0
url=https://www.flipkart.com/search?q=flax%20seeds
duration=23.63s
error=Page.goto: net::ERR_NAME_NOT_RESOLVED at https://www.flipkart.com/search?q=flax%20seeds

[00:14:48] FLIPKART
Query: flax seeds
Search page: loaded
Selector used: modular_flipkart
Products detected: 0
Products extracted: 0
Status: SCRAPER_ERROR
Duration: 23.63 sec
Error: Page.goto: net::ERR_NAME_NOT_RESOLVED at https://www.flipkart.com/search?q=flax%20seeds
Call log:
  - navigating to "https://www.flipkart.com/search?q=flax%20seeds", waiting until "domcontentloaded"

[00:14:48] FLIPKART
query="flax seeds"
provider=flipkart_provider
status=scraper_error
retry=0
products=0
duration=23.63s

[00:14:48] AMAZON
query="flax seeds"
provider=amazon_provider
status=unavailable
retry=0
products=0
url=https://www.amazon.in/s?k=flax%20seeds
duration=23.64s
error=Page.goto: net::ERR_NAME_NOT_RESOLVED at https://www.amazon.in/s?k=flax%20seeds

[00:14:48] AMAZON
Query: flax seeds
Search page: loaded
Selector used: modular_amazon
Products detected: 0
Products extracted: 0
Status: SCRAPER_ERROR
Duration: 23.64 sec
Error: Page.goto: net::ERR_NAME_NOT_RESOLVED at https://www.amazon.in/s?k=flax%20seeds
Call log:
  - navigating to "https://www.amazon.in/s?k=flax%20seeds", waiting until "domcontentloaded"

[00:14:48] AMAZON
query="flax seeds"
provider=amazon_provider
status=scraper_error
retry=0
products=0
duration=23.64s

[00:15:18] MEESHO
query="flax seeds"
provider=meesho_provider
status=success
retry=2
products=15
url=https://www.meesho.com/search?q=flax+seeds
duration=40.12s

[00:15:18] MEESHO
Query: flax seeds
Search page: loaded
Selector used: modular_meesho
Products detected: 15
Products extracted: 15
Status: SUCCESS
Duration: 52.91 sec
[00:15:18] MEESHO
query="flax seeds"
provider=meesho_provider
status=success
retry=0
products=15
duration=52.91s

[00:16:18] FLIPKART
query="flax seeds"
provider=flipkart_provider
status=success
retry=0
products=20
url=https://www.flipkart.com/search?q=flax%20seeds
duration=6.32s

[00:16:18] FLIPKART
Query: flax seeds
Search page: loaded
Selector used: modular_flipkart
Products detected: 20
Products extracted: 20
Status: SUCCESS
Duration: 6.33 sec
[00:16:18] FLIPKART
query="flax seeds"
provider=flipkart_provider
status=success
retry=0
products=20
duration=6.33s

[00:16:22] AMAZON
query="flax seeds"
provider=amazon_provider
status=success
retry=0
products=20
url=https://www.amazon.in/s?k=flax%20seeds
duration=10.52s

[00:16:22] AMAZON
Query: flax seeds
Search page: loaded
Selector used: modular_amazon
Products detected: 20
Products extracted: 20
Status: SUCCESS
Duration: 10.54 sec
[00:16:22] AMAZON
query="flax seeds"
provider=amazon_provider
status=success
retry=0
products=20
duration=10.54s

[00:16:27] MEESHO
query="flax seeds"
provider=meesho_provider
status=success
retry=2
products=15
url=https://www.meesho.com/search?q=flax+seeds
duration=12.43s

[00:16:27] MEESHO
Query: flax seeds
Search page: loaded
Selector used: modular_meesho
Products detected: 15
Products extracted: 15
Status: SUCCESS
Duration: 15.62 sec
[00:16:27] MEESHO
query="flax seeds"
provider=meesho_provider
status=success
retry=0
products=15
duration=15.62s

[00:19:09] FLIPKART
query="hp laptop charger"
provider=flipkart_provider
status=success
retry=0
products=20
url=https://www.flipkart.com/search?q=hp%20laptop%20charger
duration=4.49s

[00:19:09] FLIPKART
Query: hp laptop charger
Search page: loaded
Selector used: modular_flipkart
Products detected: 20
Products extracted: 20
Status: SUCCESS
Duration: 4.50 sec
[00:19:09] FLIPKART
query="hp laptop charger"
provider=flipkart_provider
status=success
retry=0
products=20
duration=4.50s

[00:19:11] AMAZON
query="hp laptop charger"
provider=amazon_provider
status=success
retry=0
products=18
url=https://www.amazon.in/s?k=hp%20laptop%20charger
duration=6.46s

[00:19:11] AMAZON
Query: hp laptop charger
Search page: loaded
Selector used: modular_amazon
Products detected: 18
Products extracted: 18
Status: SUCCESS
Duration: 6.47 sec
[00:19:11] AMAZON
query="hp laptop charger"
provider=amazon_provider
status=success
retry=0
products=18
duration=6.47s

[00:19:16] MEESHO
query="hp laptop charger"
provider=meesho_provider
status=success
retry=2
products=15
url=https://www.meesho.com/search?q=hp+laptop+charger
duration=9.92s

[00:19:16] MEESHO
Query: hp laptop charger
Search page: loaded
Selector used: modular_meesho
Products detected: 15
Products extracted: 15
Status: SUCCESS
Duration: 11.28 sec
[00:19:16] MEESHO
query="hp laptop charger"
provider=meesho_provider
status=success
retry=0
products=15
duration=11.28s

[00:19:24] FLIPKART
query="shirt"
provider=flipkart_provider
status=success
retry=0
products=20
url=https://www.flipkart.com/search?q=shirt
duration=6.03s

[00:19:24] FLIPKART
Query: shirt
Search page: loaded
Selector used: modular_flipkart
Products detected: 20
Products extracted: 20
Status: SUCCESS
Duration: 6.04 sec
[00:19:24] FLIPKART
query="shirt"
provider=flipkart_provider
status=success
retry=0
products=20
duration=6.04s

[00:19:28] AMAZON
query="shirt"
provider=amazon_provider
status=success
retry=0
products=20
url=https://www.amazon.in/s?k=shirt
duration=9.83s

[00:19:28] AMAZON
Query: shirt
Search page: loaded
Selector used: modular_amazon
Products detected: 20
Products extracted: 20
Status: SUCCESS
Duration: 9.83 sec
[00:19:28] AMAZON
query="shirt"
provider=amazon_provider
status=success
retry=0
products=20
duration=9.83s

[00:19:45] MEESHO
query="shirt"
provider=meesho_provider
status=success
retry=2
products=15
url=https://www.meesho.com/search?q=shirt
duration=11.30s

[00:19:45] MEESHO
Query: shirt
Search page: loaded
Selector used: modular_meesho
Products detected: 15
Products extracted: 15
Status: SUCCESS
Duration: 27.36 sec
[00:19:45] MEESHO
query="shirt"
provider=meesho_provider
status=success
retry=0
products=15
duration=27.36s

[00:22:30] AMAZON
query="flux seeds"
provider=amazon_provider
status=timeout
retry=0
products=0
url=https://www.amazon.in/s?k=flux%20seeds
duration=30.10s
error=Page.goto: Timeout 28000ms exceeded.

[00:22:30] AMAZON
Query: flux seeds
Search page: loaded
Selector used: modular_amazon
Products detected: 0
Products extracted: 0
Status: TIMEOUT
Duration: 30.10 sec
Error: Page.goto: Timeout 28000ms exceeded.
Call log:
  - navigating to "https://www.amazon.in/s?k=flux%20seeds", waiting until "domcontentloaded"

[00:22:30] AMAZON
query="flux seeds"
provider=amazon_provider
status=timeout
retry=0
products=0
duration=30.10s

[00:22:30] FLIPKART
query="flux seeds"
provider=flipkart_provider
status=timeout
retry=0
products=0
url=https://www.flipkart.com/search?q=flux%20seeds
duration=30.32s
error=Page.goto: Timeout 28000ms exceeded.

[00:22:30] FLIPKART
Query: flux seeds
Search page: loaded
Selector used: modular_flipkart
Products detected: 0
Products extracted: 0
Status: TIMEOUT
Duration: 30.32 sec
Error: Page.goto: Timeout 28000ms exceeded.
Call log:
  - navigating to "https://www.flipkart.com/search?q=flux%20seeds", waiting until "domcontentloaded"

[00:22:30] FLIPKART
query="flux seeds"
provider=flipkart_provider
status=timeout
retry=0
products=0
duration=30.32s

[00:23:18] MEESHO
query="flux seeds"
provider=meesho_provider
status=success
retry=2
products=15
url=https://www.meesho.com/search?q=flux+seeds
duration=74.62s

[00:23:18] MEESHO
Query: flux seeds
Search page: loaded
Selector used: modular_meesho
Products detected: 15
Products extracted: 15
Status: SUCCESS
Duration: 78.29 sec
[00:23:18] MEESHO
query="flux seeds"
provider=meesho_provider
status=success
retry=0
products=15
duration=78.29s

[00:35:37] FLIPKART
query="ghar soap"
provider=flipkart_provider
status=success
retry=0
products=20
url=https://www.flipkart.com/search?q=ghar%20soap
duration=10.16s

[00:35:37] FLIPKART
Query: ghar soap
Search page: loaded
Selector used: modular_flipkart
Products detected: 20
Products extracted: 20
Status: SUCCESS
Duration: 10.17 sec
[00:35:37] FLIPKART
query="ghar soap"
provider=flipkart_provider
status=success
retry=0
products=20
duration=10.18s

[00:35:40] AMAZON
query="ghar soap"
provider=amazon_provider
status=success
retry=0
products=20
url=https://www.amazon.in/s?k=ghar%20soap
duration=13.00s

[00:35:40] AMAZON
Query: ghar soap
Search page: loaded
Selector used: modular_amazon
Products detected: 20
Products extracted: 20
Status: SUCCESS
Duration: 13.00 sec
[00:35:40] AMAZON
query="ghar soap"
provider=amazon_provider
status=success
retry=0
products=20
duration=13.00s

[00:35:45] MEESHO
query="ghar soap"
provider=meesho_provider
status=success
retry=2
products=15
url=https://www.meesho.com/search?q=ghar+soap
duration=16.25s

[00:35:45] MEESHO
Query: ghar soap
Search page: loaded
Selector used: modular_meesho
Products detected: 15
Products extracted: 15
Status: SUCCESS
Duration: 17.56 sec
[00:35:45] MEESHO
query="ghar soap"
provider=meesho_provider
status=success
retry=0
products=15
duration=17.56s

[00:38:20] FLIPKART
query="Dove ghar soap"
provider=flipkart_provider
status=unavailable
retry=0
products=0
url=https://www.flipkart.com/search?q=Dove%20ghar%20soap
duration=9.39s

[00:38:20] FLIPKART
Query: Dove ghar soap
Search page: loaded
Selector used: modular_flipkart
Products detected: 0
Products extracted: 0
Status: SCRAPER_ERROR
Duration: 9.65 sec
[00:38:20] FLIPKART
query="Dove ghar soap"
provider=flipkart_provider
status=scraper_error
retry=0
products=0
duration=9.73s

[00:38:41] AMAZON
query="Dove ghar soap"
provider=amazon_provider
status=success
retry=0
products=20
url=https://www.amazon.in/s?k=Dove%20ghar%20soap
duration=31.10s

[00:38:41] AMAZON
Query: Dove ghar soap
Search page: loaded
Selector used: modular_amazon
Products detected: 20
Products extracted: 20
Status: SUCCESS
Duration: 31.10 sec
[00:38:41] AMAZON
query="Dove ghar soap"
provider=amazon_provider
status=success
retry=0
products=20
duration=31.10s

[00:38:49] MEESHO
query="dove ghar soap"
provider=meesho_provider
status=success
retry=2
products=15
url=https://www.meesho.com/search?q=dove+ghar+soap
duration=37.66s

[00:38:49] MEESHO
Query: Dove ghar soap
Search page: loaded
Selector used: modular_meesho
Products detected: 15
Products extracted: 15
Status: SUCCESS
Duration: 38.92 sec
[00:38:49] MEESHO
query="Dove ghar soap"
provider=meesho_provider
status=success
retry=0
products=15
duration=38.92s

[00:39:35] FLIPKART
query="Dove ghar soap"
provider=flipkart_provider
status=unavailable
retry=0
products=0
url=https://www.flipkart.com/search?q=Dove%20ghar%20soap
duration=4.54s

[00:39:35] FLIPKART
Query: Dove ghar soap
Search page: loaded
Selector used: modular_flipkart
Products detected: 0
Products extracted: 0
Status: SCRAPER_ERROR
Duration: 4.54 sec
[00:39:35] FLIPKART
query="Dove ghar soap"
provider=flipkart_provider
status=scraper_error
retry=0
products=0
duration=4.54s

[00:41:27] FLIPKART
query="gramflor soap"
provider=flipkart_provider
status=success
retry=0
products=20
url=https://www.flipkart.com/search?q=gramflor%20soap
duration=13.06s

[00:41:27] FLIPKART
Query: gramflor soap
Search page: loaded
Selector used: modular_flipkart
Products detected: 20
Products extracted: 20
Status: SUCCESS
Duration: 13.07 sec
[00:41:27] FLIPKART
query="gramflor soap"
provider=flipkart_provider
status=success
retry=0
products=20
duration=13.07s

[00:41:28] AMAZON
query="gramflor soap"
provider=amazon_provider
status=success
retry=0
products=20
url=https://www.amazon.in/s?k=gramflor%20soap
duration=14.11s

[00:41:28] AMAZON
Query: gramflor soap
Search page: loaded
Selector used: modular_amazon
Products detected: 20
Products extracted: 20
Status: SUCCESS
Duration: 14.12 sec
[00:41:28] AMAZON
query="gramflor soap"
provider=amazon_provider
status=success
retry=0
products=20
duration=14.12s

[00:41:45] MEESHO
query="gramflor soap"
provider=meesho_provider
status=success
retry=2
products=15
url=https://www.meesho.com/search?q=gramflor+soap
duration=29.53s

[00:41:45] MEESHO
Query: gramflor soap
Search page: loaded
Selector used: modular_meesho
Products detected: 15
Products extracted: 15
Status: SUCCESS
Duration: 30.77 sec
[00:41:45] MEESHO
query="gramflor soap"
provider=meesho_provider
status=success
retry=0
products=15
duration=30.77s

[16:45:10] FLIPKART
query="rosemerry leaves"
provider=flipkart_provider
status=success
retry=0
products=20
url=https://www.flipkart.com/search?q=rosemerry%20leaves
duration=31.78s

[16:45:10] FLIPKART
Query: rosemerry leaves
Search page: loaded
Selector used: modular_flipkart
Products detected: 20
Products extracted: 20
Status: SUCCESS
Duration: 31.80 sec
[16:45:10] FLIPKART
query="rosemerry leaves"
provider=flipkart_provider
status=success
retry=0
products=20
duration=31.80s

[16:45:12] AMAZON
query="rosemerry leaves"
provider=amazon_provider
status=success
retry=0
products=20
url=https://www.amazon.in/s?k=rosemerry%20leaves
duration=34.37s

[16:45:12] AMAZON
Query: rosemerry leaves
Search page: loaded
Selector used: modular_amazon
Products detected: 20
Products extracted: 20
Status: SUCCESS
Duration: 34.37 sec
[16:45:12] AMAZON
query="rosemerry leaves"
provider=amazon_provider
status=success
retry=0
products=20
duration=34.37s

[16:45:16] MEESHO
query="rosemerry leaves"
provider=meesho_provider
status=success
retry=2
products=15
url=https://www.meesho.com/search?q=rosemerry+leaves
duration=37.07s

[16:45:16] MEESHO
Query: rosemerry leaves
Search page: loaded
Selector used: modular_meesho
Products detected: 15
Products extracted: 15
Status: SUCCESS
Duration: 37.98 sec
[16:45:16] MEESHO
query="rosemerry leaves"
provider=meesho_provider
status=success
retry=0
products=15
duration=37.98s

[16:52:17] FLIPKART
query="rosemary leaves"
provider=flipkart_provider
status=success
retry=0
products=20
url=https://www.flipkart.com/search?q=rosemary%20leaves
duration=25.46s

[16:52:17] FLIPKART
Query: rosemary leaves
Search page: loaded
Selector used: modular_flipkart
Products detected: 20
Products extracted: 20
Status: SUCCESS
Duration: 25.48 sec
[16:52:30] FLIPKART
query="rosemary leaves"
provider=flipkart_provider
status=success
retry=0
products=20
url=https://www.flipkart.com/search?q=rosemary%20leaves
duration=3.74s

[16:52:30] FLIPKART
Query: rosemary leaves
Search page: loaded
Selector used: modular_flipkart
Products detected: 20
Products extracted: 20
Status: SUCCESS
Duration: 3.75 sec
[16:58:04] FLIPKART
query="rosemary leaves"
provider=flipkart_provider
status=success
retry=0
products=20
url=https://www.flipkart.com/search?q=rosemary%20leaves
duration=3.95s

[16:58:04] FLIPKART
Query: rosemary leaves
Search page: loaded
Selector used: modular_flipkart
Products detected: 20
Products extracted: 20
Status: SUCCESS
Duration: 3.96 sec
[16:58:26] FLIPKART
query="rosemary leaves"
provider=flipkart_provider
status=success
retry=0
products=20
url=https://www.flipkart.com/search?q=rosemary%20leaves
duration=4.07s

[16:58:26] FLIPKART
Query: rosemary leaves
Search page: loaded
Selector used: modular_flipkart
Products detected: 20
Products extracted: 20
Status: SUCCESS
Duration: 4.09 sec
[16:58:26] FLIPKART
query="rosemary leaves"
provider=flipkart_provider
status=success
retry=0
products=20
duration=4.09s

[16:58:28] AMAZON
query="rosemary leaves"
provider=amazon_provider
status=success
retry=0
products=20
url=https://www.amazon.in/s?k=rosemary%20leaves
duration=6.41s

[16:58:28] AMAZON
Query: rosemary leaves
Search page: loaded
Selector used: modular_amazon
Products detected: 20
Products extracted: 20
Status: SUCCESS
Duration: 6.43 sec
[16:58:28] AMAZON
query="rosemary leaves"
provider=amazon_provider
status=success
retry=0
products=20
duration=6.43s

[16:58:32] MEESHO
query="rosemary leaves"
provider=meesho_provider
status=success
retry=2
products=15
url=https://www.meesho.com/search?q=rosemary+leaves
duration=9.17s

[16:58:32] MEESHO
Query: rosemary leaves
Search page: loaded
Selector used: modular_meesho
Products detected: 15
Products extracted: 15
Status: SUCCESS
Duration: 10.05 sec
[16:58:32] MEESHO
query="rosemary leaves"
provider=meesho_provider
status=success
retry=0
products=15
duration=10.05s

[17:03:17] FLIPKART
query="gramflor soap"
provider=flipkart_provider
status=success
retry=0
products=20
url=https://www.flipkart.com/search?q=gramflor%20soap
duration=5.16s

[17:03:17] FLIPKART
Query: gramflor soap
Search page: loaded
Selector used: modular_flipkart
Products detected: 20
Products extracted: 20
Status: SUCCESS
Duration: 5.17 sec
[17:03:17] FLIPKART
query="gramflor soap"
provider=flipkart_provider
status=success
retry=0
products=20
duration=5.17s

[17:03:19] AMAZON
query="gramflor soap"
provider=amazon_provider
status=success
retry=0
products=20
url=https://www.amazon.in/s?k=gramflor%20soap
duration=7.05s

[17:03:19] AMAZON
Query: gramflor soap
Search page: loaded
Selector used: modular_amazon
Products detected: 20
Products extracted: 20
Status: SUCCESS
Duration: 7.06 sec
[17:03:19] AMAZON
query="gramflor soap"
provider=amazon_provider
status=success
retry=0
products=20
duration=7.06s

[17:03:24] MEESHO
query="gramflor soap"
provider=meesho_provider
status=success
retry=2
products=15
url=https://www.meesho.com/search?q=gramflor+soap
duration=10.26s

[17:03:24] MEESHO
Query: gramflor soap
Search page: loaded
Selector used: modular_meesho
Products detected: 15
Products extracted: 15
Status: SUCCESS
Duration: 12.10 sec
[17:03:24] MEESHO
query="gramflor soap"
provider=meesho_provider
status=success
retry=0
products=15
duration=12.10s

[17:04:02] FLIPKART
query="Baby Diapers"
provider=flipkart_provider
status=success
retry=0
products=20
url=https://www.flipkart.com/search?q=Baby%20Diapers
duration=5.37s

[17:04:02] FLIPKART
Query: Baby Diapers
Search page: loaded
Selector used: modular_flipkart
Products detected: 20
Products extracted: 20
Status: SUCCESS
Duration: 5.41 sec
[17:04:02] FLIPKART
query="Baby Diapers"
provider=flipkart_provider
status=success
retry=0
products=20
duration=5.42s

[17:04:07] AMAZON
query="Baby Diapers"
provider=amazon_provider
status=success
retry=0
products=20
url=https://www.amazon.in/s?k=Baby%20Diapers
duration=10.29s

[17:04:07] AMAZON
Query: Baby Diapers
Search page: loaded
Selector used: modular_amazon
Products detected: 20
Products extracted: 20
Status: SUCCESS
Duration: 10.32 sec
[17:04:07] AMAZON
query="Baby Diapers"
provider=amazon_provider
status=success
retry=0
products=20
duration=10.32s

[17:04:14] MEESHO
query="baby diapers"
provider=meesho_provider
status=success
retry=2
products=15
url=https://www.meesho.com/search?q=baby+diapers
duration=13.42s

[17:04:14] MEESHO
Query: Baby Diapers
Search page: loaded
Selector used: modular_meesho
Products detected: 15
Products extracted: 15
Status: SUCCESS
Duration: 17.13 sec
[17:04:14] MEESHO
query="Baby Diapers"
provider=meesho_provider
status=success
retry=0
products=15
duration=17.13s

[17:15:48] AMAZON
query="B0CHX1W1XY"
provider=amazon_provider
status=success
retry=0
products=12
url=https://www.amazon.in/s?k=B0CHX1W1XY
duration=7.47s

[17:15:48] AMAZON
Query: B0CHX1W1XY
Search page: loaded
Selector used: modular_amazon
Products detected: 12
Products extracted: 12
Status: SUCCESS
Duration: 7.51 sec
[17:16:08] FLIPKART
query="nirodh"
provider=flipkart_provider
status=success
retry=0
products=20
url=https://www.flipkart.com/search?q=nirodh
duration=6.39s

[17:16:08] FLIPKART
Query: nirodh
Search page: loaded
Selector used: modular_flipkart
Products detected: 20
Products extracted: 20
Status: SUCCESS
Duration: 6.41 sec
[17:16:08] FLIPKART
query="nirodh"
provider=flipkart_provider
status=success
retry=0
products=20
duration=6.41s

[17:16:10] AMAZON
query="nirodh"
provider=amazon_provider
status=success
retry=0
products=20
url=https://www.amazon.in/s?k=nirodh
duration=8.48s

[17:16:10] AMAZON
Query: nirodh
Search page: loaded
Selector used: modular_amazon
Products detected: 20
Products extracted: 20
Status: SUCCESS
Duration: 8.50 sec
[17:16:10] AMAZON
query="nirodh"
provider=amazon_provider
status=success
retry=0
products=20
duration=8.50s

[17:16:18] MEESHO
query="nirodh"
provider=meesho_provider
status=success
retry=2
products=15
url=https://www.meesho.com/search?q=nirodh
duration=15.20s

[17:16:18] MEESHO
Query: nirodh
Search page: loaded
Selector used: modular_meesho
Products detected: 15
Products extracted: 15
Status: SUCCESS
Duration: 16.35 sec
[17:16:18] MEESHO
query="nirodh"
provider=meesho_provider
status=success
retry=0
products=15
duration=16.35s

[17:17:20] AMAZON
query="B0CHX1W1XY"
provider=amazon_provider
status=success
retry=0
products=12
url=https://www.amazon.in/s?k=B0CHX1W1XY
duration=5.27s

[17:17:20] AMAZON
Query: B0CHX1W1XY
Search page: loaded
Selector used: modular_amazon
Products detected: 12
Products extracted: 12
Status: SUCCESS
Duration: 5.29 sec
[17:17:34] FLIPKART
query="protein"
provider=flipkart_provider
status=success
retry=0
products=20
url=https://www.flipkart.com/search?q=protein
duration=5.87s

[17:17:34] FLIPKART
Query: protein
Search page: loaded
Selector used: modular_flipkart
Products detected: 20
Products extracted: 20
Status: SUCCESS
Duration: 5.92 sec
[17:17:34] FLIPKART
query="protein"
provider=flipkart_provider
status=success
retry=0
products=20
duration=5.92s

[17:17:39] AMAZON
query="protein"
provider=amazon_provider
status=success
retry=0
products=20
url=https://www.amazon.in/s?k=protein
duration=10.57s

[17:17:39] AMAZON
Query: protein
Search page: loaded
Selector used: modular_amazon
Products detected: 20
Products extracted: 20
Status: SUCCESS
Duration: 10.60 sec
[17:17:39] AMAZON
query="protein"
provider=amazon_provider
status=success
retry=0
products=20
duration=10.60s

[17:17:51] MEESHO
query="protein"
provider=meesho_provider
status=success
retry=2
products=15
url=https://www.meesho.com/search?q=protein
duration=17.40s

[17:17:51] MEESHO
Query: protein
Search page: loaded
Selector used: modular_meesho
Products detected: 15
Products extracted: 15
Status: SUCCESS
Duration: 22.51 sec
[17:17:51] MEESHO
query="protein"
provider=meesho_provider
status=success
retry=0
products=15
duration=22.51s

[17:19:49] FLIPKART
query="neutraved rosemary dried leaf leaves"
provider=flipkart_provider
status=success
retry=0
products=20
url=https://www.flipkart.com/search?q=neutraved%20rosemary%20dried%20leaf%20leaves
duration=4.65s

[17:19:49] FLIPKART
Query: neutraved rosemary dried leaf leaves
Search page: loaded
Selector used: modular_flipkart
Products detected: 20
Products extracted: 20
Status: SUCCESS
Duration: 4.67 sec
[17:19:49] FLIPKART
query="neutraved rosemary dried leaf leaves"
provider=flipkart_provider
status=success
retry=0
products=20
duration=4.67s

[17:19:51] AMAZON
query="neutraved rosemary dried leaf leaves"
provider=amazon_provider
status=success
retry=0
products=20
url=https://www.amazon.in/s?k=neutraved%20rosemary%20dried%20leaf%20leaves
duration=6.74s

[17:19:51] AMAZON
Query: neutraved rosemary dried leaf leaves
Search page: loaded
Selector used: modular_amazon
Products detected: 20
Products extracted: 20
Status: SUCCESS
Duration: 6.74 sec
[17:19:51] AMAZON
query="neutraved rosemary dried leaf leaves"
provider=amazon_provider
status=success
retry=0
products=20
duration=6.74s

[17:20:01] MEESHO
query="neutraved rosemary dried leaf leaves"
provider=meesho_provider
status=success
retry=2
products=15
url=https://www.meesho.com/search?q=neutraved+rosemary+dried+leaf+leaves
duration=15.10s

[17:20:01] MEESHO
Query: neutraved rosemary dried leaf leaves
Search page: loaded
Selector used: modular_meesho
Products detected: 15
Products extracted: 15
Status: SUCCESS
Duration: 16.90 sec
[17:20:01] MEESHO
query="neutraved rosemary dried leaf leaves"
provider=meesho_provider
status=success
retry=0
products=15
duration=16.90s

[17:23:12] FLIPKART
query="protein"
provider=flipkart_provider
status=success
retry=0
products=20
url=https://www.flipkart.com/search?q=protein
duration=4.98s

[17:23:12] FLIPKART
Query: protein
Search page: loaded
Selector used: modular_flipkart
Products detected: 20
Products extracted: 20
Status: SUCCESS
Duration: 5.00 sec
[17:23:12] FLIPKART
query="protein"
provider=flipkart_provider
status=success
retry=0
products=20
duration=5.00s

[17:23:18] AMAZON
query="protein"
provider=amazon_provider
status=success
retry=0
products=20
url=https://www.amazon.in/s?k=protein
duration=10.38s

[17:23:18] AMAZON
Query: protein
Search page: loaded
Selector used: modular_amazon
Products detected: 20
Products extracted: 20
Status: SUCCESS
Duration: 10.41 sec
[17:23:18] AMAZON
query="protein"
provider=amazon_provider
status=success
retry=0
products=20
duration=10.41s

[17:23:21] MEESHO
query="protein"
provider=meesho_provider
status=success
retry=2
products=15
url=https://www.meesho.com/search?q=protein
duration=11.97s

[17:23:21] MEESHO
Query: protein
Search page: loaded
Selector used: modular_meesho
Products detected: 15
Products extracted: 15
Status: SUCCESS
Duration: 13.69 sec
[17:23:21] MEESHO
query="protein"
provider=meesho_provider
status=success
retry=0
products=15
duration=13.69s

[17:23:42] AMAZON
query="0lcI1pNNNN"
provider=amazon_provider
status=unavailable
retry=0
products=0
url=https://www.amazon.in/s?k=0lcI1pNNNN
duration=4.94s

[17:23:42] AMAZON
Query: 0lcI1pNNNN
Search page: loaded
Selector used: modular_amazon
Products detected: 0
Products extracted: 0
Status: SCRAPER_ERROR
Duration: 4.94 sec
[17:23:42] AMAZON
query="0lcI1pNNNN"
provider=amazon_provider
status=scraper_error
retry=0
products=0
duration=4.94s

[17:23:43] FLIPKART
query="0lcI1pNNNN"
provider=flipkart_provider
status=success
retry=0
products=20
url=https://www.flipkart.com/search?q=0lcI1pNNNN
duration=5.94s

[17:23:43] FLIPKART
Query: 0lcI1pNNNN
Search page: loaded
Selector used: modular_flipkart
Products detected: 20
Products extracted: 20
Status: SUCCESS
Duration: 5.96 sec
[17:23:43] FLIPKART
query="0lcI1pNNNN"
provider=flipkart_provider
status=success
retry=0
products=20
duration=5.96s

[17:23:56] MEESHO
query="0lci1pnnnn"
provider=meesho_provider
status=success
retry=2
products=15
url=https://www.meesho.com/search?q=0lci1pnnnn
duration=13.68s

[17:23:56] MEESHO
Query: 0lcI1pNNNN
Search page: loaded
Selector used: modular_meesho
Products detected: 15
Products extracted: 15
Status: SUCCESS
Duration: 18.95 sec
[17:23:56] MEESHO
query="0lcI1pNNNN"
provider=meesho_provider
status=success
retry=0
products=15
duration=18.95s

[20:40:30] AMAZON
Query: https://www.amazon.in/dp/B0CHX1W1XY
Search page: loaded
Selector used: amazon_url_scraper
Products detected: 1
Products extracted: 1
Status: SUCCESS
Duration: 12.19 sec
[20:40:37] FLIPKART
query="Apple Iphone 15 128GB"
provider=flipkart_provider
status=success
retry=0
products=20
url=https://www.flipkart.com/search?q=Apple%20Iphone%2015%20128GB
duration=6.94s

[20:40:37] FLIPKART
Query: Apple Iphone 15 128GB
Search page: loaded
Selector used: modular_flipkart
Products detected: 20
Products extracted: 20
Status: SUCCESS
Duration: 6.95 sec
[20:46:12] AMAZON
query="https://dl.flipkart.com/s/0chNErNNNN"
provider=amazon_provider
status=unavailable
retry=0
products=0
url=https://www.amazon.in/s?k=https%3A//dl.flipkart.com/s/0chNErNNNN
duration=13.69s

[20:46:12] AMAZON
Query: https://dl.flipkart.com/s/0chNErNNNN
Search page: loaded
Selector used: modular_amazon
Products detected: 0
Products extracted: 0
Status: SCRAPER_ERROR
Duration: 13.69 sec
[20:46:12] AMAZON
query="https://dl.flipkart.com/s/0chNErNNNN"
provider=amazon_provider
status=scraper_error
retry=0
products=0
duration=13.70s

[20:46:14] FLIPKART
query="https://dl.flipkart.com/s/0chNErNNNN"
provider=flipkart_provider
status=success
retry=0
products=20
url=https://www.flipkart.com/search?q=https%3A//dl.flipkart.com/s/0chNErNNNN
duration=15.68s

[20:46:14] FLIPKART
Query: https://dl.flipkart.com/s/0chNErNNNN
Search page: loaded
Selector used: modular_flipkart
Products detected: 20
Products extracted: 20
Status: SUCCESS
Duration: 15.73 sec
[20:46:14] FLIPKART
query="https://dl.flipkart.com/s/0chNErNNNN"
provider=flipkart_provider
status=success
retry=0
products=20
duration=15.73s

[20:46:50] MEESHO
query="https dl flipkart com s 0chnernnnn"
provider=meesho_provider
status=timeout
retry=2
products=0
url=https://www.meesho.com/search?q=https+dl+flipkart+com+s+0chnernnnn
duration=49.79s
error=Page.goto: Timeout 30000ms exceeded.

[20:46:50] MEESHO
Query: https://dl.flipkart.com/s/0chNErNNNN
Search page: loaded
Selector used: modular_meesho
Products detected: 0
Products extracted: 0
Status: TIMEOUT
Duration: 49.79 sec
Error: Page.goto: Timeout 30000ms exceeded.
Call log:
  - navigating to "https://www.meesho.com/search?q=https+dl+flipkart+com+s+0chnernnnn", waiting until "domcontentloaded"

[20:46:50] MEESHO
query="https://dl.flipkart.com/s/0chNErNNNN"
provider=meesho_provider
status=timeout
retry=0
products=0
duration=49.79s

[21:12:26] FLIPKART
Query: https://dl.flipkart.com/s/0chNErNNNN
Search page: loaded
Selector used: flipkart_url_scraper
Products detected: 0
Products extracted: 0
Status: SCRAPER_ERROR
Duration: 51.02 sec
Error: Page.goto: Timeout 28000ms exceeded.
Call log:
  - navigating to "https://dl.flipkart.com/s/0chNErNNNN", waiting until "domcontentloaded"

[21:33:11] FLIPKART
query="boAt Rockerz 450"
provider=flipkart_provider
status=success
retry=0
products=20
url=https://www.flipkart.com/search?q=boAt%20Rockerz%20450
duration=8.06s

[21:33:11] FLIPKART
Query: boAt Rockerz 450
Search page: loaded
Selector used: modular_flipkart
Products detected: 20
Products extracted: 20
Status: SUCCESS
Duration: 8.09 sec
[21:33:11] FLIPKART
query="boAt Rockerz 450"
provider=flipkart_provider
status=success
retry=0
products=20
duration=8.09s

[21:33:12] AMAZON
query="boAt Rockerz 450"
provider=amazon_provider
status=success
retry=0
products=20
url=https://www.amazon.in/s?k=boAt%20Rockerz%20450
duration=9.64s

[21:33:12] AMAZON
Query: boAt Rockerz 450
Search page: loaded
Selector used: modular_amazon
Products detected: 20
Products extracted: 20
Status: SUCCESS
Duration: 9.64 sec
[21:33:12] AMAZON
query="boAt Rockerz 450"
provider=amazon_provider
status=success
retry=0
products=20
duration=9.64s

[21:33:18] MEESHO
query="boat rockerz 450"
provider=meesho_provider
status=success
retry=2
products=15
url=https://www.meesho.com/search?q=boat+rockerz+450
duration=13.44s

[21:33:18] MEESHO
Query: boAt Rockerz 450
Search page: loaded
Selector used: modular_meesho
Products detected: 15
Products extracted: 15
Status: SUCCESS
Duration: 15.18 sec
[21:33:18] MEESHO
query="boAt Rockerz 450"
provider=meesho_provider
status=success
retry=0
products=15
duration=15.18s

[21:38:01] FLIPKART
Query: https://dl.flipkart.com/s/07VyzZNNNN
Search page: loaded
Selector used: flipkart_url_scraper
Products detected: 1
Products extracted: 1
Status: SUCCESS
Duration: 80.49 sec
[21:38:39] AMAZON
query="METRONAUT Relaxed Men Beige Trousers"
provider=amazon_provider
status=timeout
retry=0
products=0
url=https://www.amazon.in/s?k=METRONAUT%20Relaxed%20Men%20Beige%20Trousers
duration=37.45s
error=Page.goto: Timeout 28000ms exceeded.

[21:38:39] AMAZON
Query: METRONAUT Relaxed Men Beige Trousers
Search page: loaded
Selector used: modular_amazon
Products detected: 0
Products extracted: 0
Status: TIMEOUT
Duration: 37.45 sec
Error: Page.goto: Timeout 28000ms exceeded.
Call log:
  - navigating to "https://www.amazon.in/s?k=METRONAUT%20Relaxed%20Men%20Beige%20Trousers", waiting until "domcontentloaded"

[21:40:10] MEESHO
query="metronaut relaxed men beige trousers"
provider=meesho_provider
status=success
retry=2
products=15
url=https://www.meesho.com/search?q=metronaut+relaxed+men+beige+trousers
duration=124.00s

[21:40:10] MEESHO
Query: METRONAUT Relaxed Men Beige Trousers
Search page: loaded
Selector used: modular_meesho
Products detected: 15
Products extracted: 15
Status: SUCCESS
Duration: 128.49 sec
[21:44:12] FLIPKART
Query: https://dl.flipkart.com/s/VHD3uIuuuN
Search page: loaded
Selector used: flipkart_url_scraper
Products detected: 0
Products extracted: 0
Status: SCRAPER_ERROR
Duration: 61.28 sec
Error: Page.goto: Timeout 28000ms exceeded.
Call log:
  - navigating to "https://www.flipkart.com/utkarsh-1-pair-golden-cubic-zirconia-kundal-bali-hoop-round-shaped-textured-earrings-stainless-steel-hoop-earring/p/itm9c1bdd3fc9f83?pid=ERGHMMVPDGNRAPFP&lid=LSTERGHMMVPDGNRAPFPURVLEY&marketplace=FLIPKART&q=ear+rings+for+boys&store=mcr/96v/k9d&srno=s_1_9&otracker=AS_Query_OrganicAutoSuggest_8_9_na_na_na&otracker1=AS_Query_OrganicAutoSuggest_8_9_na_na_na&fm=search-autosuggest&iid=e7d2be75-495d-45cb-baa0-492abbd1605a.ERGHMMVPDGNRAPFP.SEARCH&ppt=sp&ppn=sp&ssid=7137u3f74w0000001789056737242&qH=d5a6acae6033f6ed&ov_redirect=true&_refId=&_appId=CL", waiting until "domcontentloaded"

[21:45:29] FLIPKART
Query: https://dl.flipkart.com/s/VjuLvEuuuN
Search page: loaded
Selector used: flipkart_url_scraper
Products detected: 1
Products extracted: 1
Status: SUCCESS
Duration: 19.89 sec
[21:45:44] AMAZON
query="Flipkart.com Buy Utkarsh (1 Pair)"
provider=amazon_provider
status=unavailable
retry=0
products=0
url=https://www.amazon.in/s?k=Flipkart.com%20Buy%20Utkarsh%20%281%20Pair%29
duration=14.81s

[21:45:44] AMAZON
Query: Flipkart.com Buy Utkarsh (1 Pair)
Search page: loaded
Selector used: modular_amazon
Products detected: 0
Products extracted: 0
Status: SCRAPER_ERROR
Duration: 14.81 sec
[21:46:48] MEESHO
query="flipkart com utkarsh 1 pair"
provider=meesho_provider
status=success
retry=2
products=15
url=https://www.meesho.com/search?q=flipkart+com+utkarsh+1+pair
duration=74.88s

[21:46:48] MEESHO
Query: Flipkart.com Buy Utkarsh (1 Pair)
Search page: loaded
Selector used: modular_meesho
Products detected: 15
Products extracted: 15
Status: SUCCESS
Duration: 78.83 sec
[21:48:32] AMAZON
query="realme gt7"
provider=amazon_provider
status=timeout
retry=0
products=0
url=https://www.amazon.in/s?k=realme%20gt7
duration=35.13s
error=Page.goto: Timeout 28000ms exceeded.

[21:48:32] AMAZON
Query: realme gt7
Search page: loaded
Selector used: modular_amazon
Products detected: 0
Products extracted: 0
Status: TIMEOUT
Duration: 35.13 sec
Error: Page.goto: Timeout 28000ms exceeded.
Call log:
  - navigating to "https://www.amazon.in/s?k=realme%20gt7", waiting until "domcontentloaded"

[21:48:32] AMAZON
query="realme gt7"
provider=amazon_provider
status=timeout
retry=0
products=0
duration=35.13s

[21:49:03] FLIPKART
query="realme gt7"
provider=flipkart_provider
status=success
retry=0
products=20
url=https://www.flipkart.com/search?q=realme%20gt7
duration=65.76s

[21:49:03] FLIPKART
Query: realme gt7
Search page: loaded
Selector used: modular_flipkart
Products detected: 20
Products extracted: 20
Status: SUCCESS
Duration: 66.02 sec
[21:49:03] FLIPKART
query="realme gt7"
provider=flipkart_provider
status=success
retry=0
products=20
duration=66.03s

[21:50:36] MEESHO
query="realme gt7"
provider=meesho_provider
status=success
retry=2
products=15
url=https://www.meesho.com/search?q=realme+gt7
duration=157.88s

[21:50:36] MEESHO
Query: realme gt7
Search page: loaded
Selector used: modular_meesho
Products detected: 15
Products extracted: 15
Status: SUCCESS
Duration: 159.58 sec
[21:50:36] MEESHO
query="realme gt7"
provider=meesho_provider
status=success
retry=0
products=15
duration=159.58s

[22:16:02] AMAZON
Query: https://www.amazon.in/dp/B0CHX1W1XY
Search page: loaded
Selector used: amazon_url_scraper
Products detected: 1
Products extracted: 1
Status: SUCCESS
Duration: 8.05 sec
[22:16:07] FLIPKART
query="Apple Iphone 15 128GB"
provider=flipkart_provider
status=success
retry=0
products=20
url=https://www.flipkart.com/search?q=Apple%20Iphone%2015%20128GB
duration=5.70s

[22:16:07] FLIPKART
Query: Apple Iphone 15 128GB
Search page: loaded
Selector used: modular_flipkart
Products detected: 20
Products extracted: 20
Status: SUCCESS
Duration: 5.70 sec
[22:16:14] MEESHO
query="apple iphone 15 128gb"
provider=meesho_provider
status=success
retry=2
products=15
url=https://www.meesho.com/search?q=apple+iphone+15+128gb
duration=10.76s

[22:16:14] MEESHO
Query: Apple Iphone 15 128GB
Search page: loaded
Selector used: modular_meesho
Products detected: 15
Products extracted: 15
Status: SUCCESS
Duration: 12.02 sec
[22:23:12] AMAZON
query="realme gt7"
provider=amazon_provider
status=timeout
retry=0
products=0
url=https://www.amazon.in/s?k=realme%20gt7
duration=97.22s
error=Page.goto: Timeout 28000ms exceeded.

[22:23:12] AMAZON
Query: realme gt7
Search page: loaded
Selector used: modular_amazon
Products detected: 0
Products extracted: 0
Status: TIMEOUT
Duration: 97.23 sec
Error: Page.goto: Timeout 28000ms exceeded.
Call log:
  - navigating to "https://www.amazon.in/s?k=realme%20gt7", waiting until "domcontentloaded"

[22:23:12] AMAZON
query="realme gt7"
provider=amazon_provider
status=timeout
retry=0
products=0
duration=97.24s

[22:23:12] FLIPKART
query="realme gt7"
provider=flipkart_provider
status=timeout
retry=0
products=0
url=https://www.flipkart.com/search?q=realme%20gt7
duration=97.48s
error=Page.goto: Timeout 28000ms exceeded.

[22:23:12] FLIPKART
Query: realme gt7
Search page: loaded
Selector used: modular_flipkart
Products detected: 0
Products extracted: 0
Status: TIMEOUT
Duration: 97.49 sec
Error: Page.goto: Timeout 28000ms exceeded.
Call log:
  - navigating to "https://www.flipkart.com/search?q=realme%20gt7", waiting until "domcontentloaded"

[22:23:12] FLIPKART
query="realme gt7"
provider=flipkart_provider
status=timeout
retry=0
products=0
duration=97.49s

[22:24:08] MEESHO
query="realme gt7"
provider=meesho_provider
status=blocked
retry=2
products=0
url=https://www.meesho.com/search?q=realme+gt7
duration=152.92s
error=Access Denied by edge protection

[22:24:08] MEESHO
query="realme gt7"
provider=meesho_provider
status=scraper_error
retry=0
products=0
duration=152.92s

[22:28:53] FLIPKART
query="realme gt7"
provider=flipkart_provider
status=success
retry=0
products=20
url=https://www.flipkart.com/search?q=realme%20gt7
duration=109.20s

[22:28:53] FLIPKART
Query: realme gt7
Search page: loaded
Selector used: modular_flipkart
Products detected: 20
Products extracted: 20
Status: SUCCESS
Duration: 109.78 sec
[22:28:53] FLIPKART
query="realme gt7"
provider=flipkart_provider
status=success
retry=0
products=20
duration=109.78s

[22:28:59] AMAZON
query="realme gt7"
provider=amazon_provider
status=success
retry=0
products=17
url=https://www.amazon.in/s?k=realme%20gt7
duration=115.06s

[22:28:59] AMAZON
Query: realme gt7
Search page: loaded
Selector used: modular_amazon
Products detected: 17
Products extracted: 17
Status: SUCCESS
Duration: 115.36 sec
[22:28:59] AMAZON
query="realme gt7"
provider=amazon_provider
status=success
retry=0
products=17
duration=115.36s

[22:29:14] MEESHO
query="realme gt7"
provider=meesho_provider
status=success
retry=2
products=15
url=https://www.meesho.com/search?q=realme+gt7
duration=128.99s

[22:29:14] MEESHO
Query: realme gt7
Search page: loaded
Selector used: modular_meesho
Products detected: 15
Products extracted: 15
Status: SUCCESS
Duration: 130.27 sec
[22:29:14] MEESHO
query="realme gt7"
provider=meesho_provider
status=success
retry=0
products=15
duration=130.27s

[22:29:58] FLIPKART
query="pilgrim face wash"
provider=flipkart_provider
status=success
retry=0
products=20
url=https://www.flipkart.com/search?q=pilgrim%20face%20wash
duration=9.87s

[22:29:58] FLIPKART
Query: pilgrim face wash
Search page: loaded
Selector used: modular_flipkart
Products detected: 20
Products extracted: 20
Status: SUCCESS
Duration: 9.89 sec
[22:29:59] FLIPKART
query="pilgrim face wash"
provider=flipkart_provider
status=success
retry=0
products=20
duration=9.92s

[22:30:07] AMAZON
query="pilgrim face wash"
provider=amazon_provider
status=success
retry=0
products=20
url=https://www.amazon.in/s?k=pilgrim%20face%20wash
duration=18.73s

[22:30:07] AMAZON
Query: pilgrim face wash
Search page: loaded
Selector used: modular_amazon
Products detected: 20
Products extracted: 20
Status: SUCCESS
Duration: 18.74 sec
[22:30:07] AMAZON
query="pilgrim face wash"
provider=amazon_provider
status=success
retry=0
products=20
duration=18.74s

[22:30:46] MEESHO
query="pilgrim face wash"
provider=meesho_provider
status=timeout
retry=2
products=0
url=https://www.meesho.com/search?q=pilgrim+face+wash
duration=56.86s
error=Page.goto: Timeout 30000ms exceeded.

[22:30:46] MEESHO
Query: pilgrim face wash
Search page: loaded
Selector used: modular_meesho
Products detected: 0
Products extracted: 0
Status: TIMEOUT
Duration: 57.39 sec
Error: Page.goto: Timeout 30000ms exceeded.
Call log:
  - navigating to "https://www.meesho.com/search?q=pilgrim+face+wash", waiting until "domcontentloaded"

[22:30:46] MEESHO
query="pilgrim face wash"
provider=meesho_provider
status=timeout
retry=0
products=0
duration=57.56s

[22:34:11] FLIPKART
Query: https://dl.flipkart.com/s/0YVj!jNNNN
Search page: loaded
Selector used: flipkart_url_scraper
Products detected: 1
Products extracted: 1
Status: SUCCESS
Duration: 16.43 sec
[22:34:32] AMAZON
query="Flipkart.com Buy Utkarsh (1 Pair)"
provider=amazon_provider
status=unavailable
retry=0
products=0
url=https://www.amazon.in/s?k=Flipkart.com%20Buy%20Utkarsh%20%281%20Pair%29
duration=21.36s

[22:34:32] AMAZON
Query: Flipkart.com Buy Utkarsh (1 Pair)
Search page: loaded
Selector used: modular_amazon
Products detected: 0
Products extracted: 0
Status: SCRAPER_ERROR
Duration: 21.36 sec
[22:34:51] MEESHO
query="flipkart com utkarsh 1 pair"
provider=meesho_provider
status=success
retry=2
products=15
url=https://www.meesho.com/search?q=flipkart+com+utkarsh+1+pair
duration=36.07s

[22:34:51] MEESHO
Query: Flipkart.com Buy Utkarsh (1 Pair)
Search page: loaded
Selector used: modular_meesho
Products detected: 15
Products extracted: 15
Status: SUCCESS
Duration: 39.62 sec
[22:36:31] FLIPKART
query="Mobiles"
provider=flipkart_provider
status=success
retry=0
products=20
url=https://www.flipkart.com/search?q=Mobiles
duration=48.37s

[22:36:31] FLIPKART
Query: Mobiles
Search page: loaded
Selector used: modular_flipkart
Products detected: 20
Products extracted: 20
Status: SUCCESS
Duration: 48.70 sec
[22:36:31] FLIPKART
query="Mobiles"
provider=flipkart_provider
status=success
retry=0
products=20
duration=48.79s

[22:37:06] FLIPKART
query="chia seeds"
provider=flipkart_provider
status=timeout
retry=0
products=0
url=https://www.flipkart.com/search?q=chia%20seeds
duration=54.87s
error=Page.goto: Timeout 28000ms exceeded.

[22:37:07] FLIPKART
Query: chia seeds
Search page: loaded
Selector used: modular_flipkart
Products detected: 0
Products extracted: 0
Status: TIMEOUT
Duration: 55.42 sec
Error: Page.goto: Timeout 28000ms exceeded.
Call log:
  - navigating to "https://www.flipkart.com/search?q=chia%20seeds", waiting until "domcontentloaded"

[22:37:10] FLIPKART
query="chia seeds"
provider=flipkart_provider
status=timeout
retry=0
products=0
duration=57.00s

[22:37:11] AMAZON
query="chia seeds"
provider=amazon_provider
status=timeout
retry=0
products=0
url=https://www.amazon.in/s?k=chia%20seeds
duration=59.61s
error=Page.goto: Timeout 28000ms exceeded.

[22:37:13] AMAZON
Query: chia seeds
Search page: loaded
Selector used: modular_amazon
Products detected: 0
Products extracted: 0
Status: TIMEOUT
Duration: 62.10 sec
Error: Page.goto: Timeout 28000ms exceeded.
Call log:
  - navigating to "https://www.amazon.in/s?k=chia%20seeds", waiting until "domcontentloaded"

[22:37:13] AMAZON
query="chia seeds"
provider=amazon_provider
status=timeout
retry=0
products=0
duration=62.10s

[22:37:40] AMAZON
query="Mobiles"
provider=amazon_provider
status=success
retry=0
products=20
url=https://www.amazon.in/s?k=Mobiles
duration=117.93s

[22:37:40] AMAZON
Query: Mobiles
Search page: loaded
Selector used: modular_amazon
Products detected: 20
Products extracted: 20
Status: SUCCESS
Duration: 117.94 sec
[22:37:40] AMAZON
query="Mobiles"
provider=amazon_provider
status=success
retry=0
products=20
duration=117.94s

[22:37:49] MEESHO
query="mobiles"
provider=meesho_provider
status=success
retry=2
products=15
url=https://www.meesho.com/search?q=mobiles
duration=125.23s

[22:37:49] MEESHO
Query: Mobiles
Search page: loaded
Selector used: modular_meesho
Products detected: 15
Products extracted: 15
Status: SUCCESS
Duration: 126.56 sec
[22:37:49] MEESHO
query="Mobiles"
provider=meesho_provider
status=success
retry=0
products=15
duration=126.56s

[22:37:49] MEESHO
query="chia seeds"
provider=meesho_provider
status=success
retry=2
products=15
url=https://www.meesho.com/search?q=chia+seeds
duration=96.49s

[22:37:49] MEESHO
Query: chia seeds
Search page: loaded
Selector used: modular_meesho
Products detected: 15
Products extracted: 15
Status: SUCCESS
Duration: 97.71 sec
[22:37:49] MEESHO
query="chia seeds"
provider=meesho_provider
status=success
retry=0
products=15
duration=97.71s

[22:56:00] FLIPKART
query="ghar soap"
provider=flipkart_provider
status=success
retry=0
products=20
url=https://www.flipkart.com/search?q=ghar%20soap
duration=22.08s

[22:56:00] FLIPKART
Query: ghar soap
Search page: loaded
Selector used: modular_flipkart
Products detected: 20
Products extracted: 20
Status: SUCCESS
Duration: 22.09 sec
[22:56:00] FLIPKART
query="ghar soap"
provider=flipkart_provider
status=success
retry=0
products=20
duration=22.09s

[22:56:05] AMAZON
query="ghar soap"
provider=amazon_provider
status=success
retry=0
products=20
url=https://www.amazon.in/s?k=ghar%20soap
duration=27.24s

[22:56:05] AMAZON
Query: ghar soap
Search page: loaded
Selector used: modular_amazon
Products detected: 20
Products extracted: 20
Status: SUCCESS
Duration: 27.25 sec
[22:56:05] AMAZON
query="ghar soap"
provider=amazon_provider
status=success
retry=0
products=20
duration=27.25s

[22:56:13] MEESHO
query="ghar soap"
provider=meesho_provider
status=success
retry=2
products=15
url=https://www.meesho.com/search?q=ghar+soap
duration=31.90s

[22:56:13] MEESHO
Query: ghar soap
Search page: loaded
Selector used: modular_meesho
Products detected: 15
Products extracted: 15
Status: SUCCESS
Duration: 34.98 sec
[22:56:13] MEESHO
query="ghar soap"
provider=meesho_provider
status=success
retry=0
products=15
duration=34.98s

[22:56:52] FLIPKART
query="vivo t4 charger"
provider=flipkart_provider
status=success
retry=0
products=20
url=https://www.flipkart.com/search?q=vivo%20t4%20charger
duration=6.15s

[22:56:52] FLIPKART
Query: vivo t4 charger
Search page: loaded
Selector used: modular_flipkart
Products detected: 20
Products extracted: 20
Status: SUCCESS
Duration: 6.16 sec
[22:56:52] FLIPKART
query="vivo t4 charger"
provider=flipkart_provider
status=success
retry=0
products=20
duration=6.16s

[22:56:56] AMAZON
query="vivo t4 charger"
provider=amazon_provider
status=success
retry=0
products=20
url=https://www.amazon.in/s?k=vivo%20t4%20charger
duration=10.69s

[22:56:56] AMAZON
Query: vivo t4 charger
Search page: loaded
Selector used: modular_amazon
Products detected: 20
Products extracted: 20
Status: SUCCESS
Duration: 10.71 sec
[22:56:56] AMAZON
query="vivo t4 charger"
provider=amazon_provider
status=success
retry=0
products=20
duration=10.71s

[22:57:07] MEESHO
query="vivo t4 charger"
provider=meesho_provider
status=success
retry=2
products=15
url=https://www.meesho.com/search?q=vivo+t4+charger
duration=16.11s

[22:57:07] MEESHO
Query: vivo t4 charger
Search page: loaded
Selector used: modular_meesho
Products detected: 15
Products extracted: 15
Status: SUCCESS
Duration: 21.14 sec
[22:57:07] MEESHO
query="vivo t4 charger"
provider=meesho_provider
status=success
retry=0
products=15
duration=21.15s

[22:59:34] FLIPKART
Query: https://dl.flipkart.com/s/03KmgGNNNN
Search page: loaded
Selector used: flipkart_url_scraper
Products detected: 1
Products extracted: 1
Status: SUCCESS
Duration: 10.67 sec
[22:59:40] AMAZON
query="Vivo 45W Charger"
provider=amazon_provider
status=success
retry=0
products=20
url=https://www.amazon.in/s?k=Vivo%2045W%20Charger
duration=5.85s

[22:59:40] AMAZON
Query: Vivo 45W Charger
Search page: loaded
Selector used: modular_amazon
Products detected: 20
Products extracted: 20
Status: SUCCESS
Duration: 5.86 sec
[22:59:48] MEESHO
query="vivo 45w charger"
provider=meesho_provider
status=success
retry=2
products=15
url=https://www.meesho.com/search?q=vivo+45w+charger
duration=11.49s

[22:59:48] MEESHO
Query: Vivo 45W Charger
Search page: loaded
Selector used: modular_meesho
Products detected: 15
Products extracted: 15
Status: SUCCESS
Duration: 13.80 sec
[23:02:39] FLIPKART
Query: https://dl.flipkart.com/s/03o5PqNNNN
Search page: loaded
Selector used: flipkart_url_scraper
Products detected: 1
Products extracted: 1
Status: SUCCESS
Duration: 10.66 sec
[23:02:46] AMAZON
query="Mathey-Tissot Mathy III Swiss Made"
provider=amazon_provider
status=success
retry=0
products=20
url=https://www.amazon.in/s?k=Mathey-Tissot%20Mathy%20III%20Swiss%20Made
duration=7.13s

[23:02:46] AMAZON
Query: Mathey-Tissot Mathy III Swiss Made
Search page: loaded
Selector used: modular_amazon
Products detected: 20
Products extracted: 20
Status: SUCCESS
Duration: 7.15 sec
[23:02:54] MEESHO
query="mathey tissot mathy iii swiss made"
provider=meesho_provider
status=success
retry=2
products=15
url=https://www.meesho.com/search?q=mathey+tissot+mathy+iii+swiss+made
duration=12.33s

[23:02:54] MEESHO
Query: Mathey-Tissot Mathy III Swiss Made
Search page: loaded
Selector used: modular_meesho
Products detected: 15
Products extracted: 15
Status: SUCCESS
Duration: 14.66 sec
[23:03:37] AMAZON
query="realme gt7"
provider=amazon_provider
status=success
retry=0
products=16
url=https://www.amazon.in/s?k=realme%20gt7
duration=6.66s

[23:03:37] AMAZON
Query: realme gt7
Search page: loaded
Selector used: modular_amazon
Products detected: 16
Products extracted: 16
Status: SUCCESS
Duration: 6.72 sec
[23:03:37] AMAZON
query="realme gt7"
provider=amazon_provider
status=success
retry=0
products=16
duration=6.75s

[23:03:38] FLIPKART
query="realme gt7"
provider=flipkart_provider
status=success
retry=0
products=20
url=https://www.flipkart.com/search?q=realme%20gt7
duration=7.20s

[23:03:38] FLIPKART
Query: realme gt7
Search page: loaded
Selector used: modular_flipkart
Products detected: 20
Products extracted: 20
Status: SUCCESS
Duration: 7.21 sec
[23:03:38] FLIPKART
query="realme gt7"
provider=flipkart_provider
status=success
retry=0
products=20
duration=7.21s

[23:03:48] MEESHO
query="realme gt7"
provider=meesho_provider
status=success
retry=2
products=15
url=https://www.meesho.com/search?q=realme+gt7
duration=13.82s

[23:03:48] MEESHO
Query: realme gt7
Search page: loaded
Selector used: modular_meesho
Products detected: 15
Products extracted: 15
Status: SUCCESS
Duration: 17.34 sec
[23:03:48] MEESHO
query="realme gt7"
provider=meesho_provider
status=success
retry=0
products=15
duration=17.34s

[23:05:15] FLIPKART
query="hp laptop bags"
provider=flipkart_provider
status=success
retry=0
products=20
url=https://www.flipkart.com/search?q=hp%20laptop%20bags
duration=6.25s

[23:05:15] FLIPKART
Query: hp laptop bags
Search page: loaded
Selector used: modular_flipkart
Products detected: 20
Products extracted: 20
Status: SUCCESS
Duration: 6.28 sec
[23:05:15] FLIPKART
query="hp laptop bags"
provider=flipkart_provider
status=success
retry=0
products=20
duration=6.28s

[23:05:20] AMAZON
query="hp laptop bags"
provider=amazon_provider
status=success
retry=0
products=20
url=https://www.amazon.in/s?k=hp%20laptop%20bags
duration=10.83s

[23:05:20] AMAZON
Query: hp laptop bags
Search page: loaded
Selector used: modular_amazon
Products detected: 20
Products extracted: 20
Status: SUCCESS
Duration: 10.85 sec
[23:05:20] AMAZON
query="hp laptop bags"
provider=amazon_provider
status=success
retry=0
products=20
duration=10.85s

[23:05:27] MEESHO
query="hp laptop bags"
provider=meesho_provider
status=success
retry=2
products=15
url=https://www.meesho.com/search?q=hp+laptop+bags
duration=14.36s

[23:05:27] MEESHO
Query: hp laptop bags
Search page: loaded
Selector used: modular_meesho
Products detected: 15
Products extracted: 15
Status: SUCCESS
Duration: 17.81 sec
[23:05:27] MEESHO
query="hp laptop bags"
provider=meesho_provider
status=success
retry=0
products=15
duration=17.81s

[23:25:49] FLIPKART
query="hp laptop bags"
provider=flipkart_provider
status=success
retry=0
products=20
url=https://www.flipkart.com/search?q=hp%20laptop%20bags
duration=7.63s

[23:25:49] FLIPKART
Query: hp laptop bags
Search page: loaded
Selector used: modular_flipkart
Products detected: 20
Products extracted: 20
Status: SUCCESS
Duration: 7.64 sec
[23:25:49] FLIPKART
query="hp laptop bags"
provider=flipkart_provider
status=success
retry=0
products=20
duration=7.64s

[23:25:50] AMAZON
query="hp laptop bags"
provider=amazon_provider
status=success
retry=0
products=20
url=https://www.amazon.in/s?k=hp%20laptop%20bags
duration=8.69s

[23:25:50] AMAZON
Query: hp laptop bags
Search page: loaded
Selector used: modular_amazon
Products detected: 20
Products extracted: 20
Status: SUCCESS
Duration: 8.69 sec
[23:25:50] AMAZON
query="hp laptop bags"
provider=amazon_provider
status=success
retry=0
products=20
duration=8.69s

[23:25:53] MEESHO
query="hp laptop bags"
provider=meesho_provider
status=success
retry=2
products=15
url=https://www.meesho.com/search?q=hp+laptop+bags
duration=10.85s

[23:25:53] MEESHO
Query: hp laptop bags
Search page: loaded
Selector used: modular_meesho
Products detected: 15
Products extracted: 15
Status: SUCCESS
Duration: 11.99 sec
[23:25:53] MEESHO
query="hp laptop bags"
provider=meesho_provider
status=success
retry=0
products=15
duration=12.00s

[23:26:31] FLIPKART
query="hp laptop bags"
provider=flipkart_provider
status=failed
retry=1
products=0
url=https://www.flipkart.com/search?q=hp%20laptop%20bags
duration=8.93s

[23:26:31] FLIPKART
Query: hp laptop bags
Search page: loaded
Selector used: modular_flipkart
Products detected: 0
Products extracted: 0
Status: FAILED
Duration: 8.93 sec
[23:26:40] MEESHO
query="hp laptop bags"
provider=meesho_provider
status=blocked
retry=2
products=0
url=https://www.meesho.com/search?q=hp+laptop+bags
duration=8.84s
error=Access Denied by edge protection

[23:26:40] MEESHO
Query: hp laptop bags
Search page: loaded
Selector used: modular_meesho
Products detected: 0
Products extracted: 0
Status: BLOCKED
Duration: 8.84 sec
Error: Access Denied by edge protection
[23:30:13] FLIPKART
query="hp laptop bags"
provider=flipkart_provider
status=success
retry=0
products=20
url=https://www.flipkart.com/search?q=hp%20laptop%20bags
duration=3.57s

[23:30:13] FLIPKART
Query: hp laptop bags
Search page: loaded
Selector used: modular_flipkart
Products detected: 20
Products extracted: 20
Status: SUCCESS
Duration: 3.57 sec
[23:30:22] MEESHO
query="hp laptop bags"
provider=meesho_provider
status=success
retry=2
products=15
url=https://www.meesho.com/search?q=hp+laptop+bags
duration=7.21s

[23:30:22] MEESHO
Query: hp laptop bags
Search page: loaded
Selector used: modular_meesho
Products detected: 15
Products extracted: 15
Status: SUCCESS
Duration: 8.79 sec
[23:30:40] FLIPKART
query="hp laptop bags"
provider=flipkart_provider
status=success
retry=0
products=20
url=https://www.flipkart.com/search?q=hp%20laptop%20bags
duration=4.42s

[23:30:40] FLIPKART
Query: hp laptop bags
Search page: loaded
Selector used: modular_flipkart
Products detected: 20
Products extracted: 20
Status: SUCCESS
Duration: 4.42 sec
[23:32:22] FLIPKART
query="hp laptop bags"
provider=flipkart_provider
status=success
retry=0
products=20
url=https://www.flipkart.com/search?q=hp%20laptop%20bags
duration=3.92s

[23:32:22] FLIPKART
Query: hp laptop bags
Search page: loaded
Selector used: modular_flipkart
Products detected: 20
Products extracted: 20
Status: SUCCESS
Duration: 3.92 sec
[23:32:30] MEESHO
query="hp laptop bags"
provider=meesho_provider
status=success
retry=2
products=15
url=https://www.meesho.com/search?q=hp+laptop+bags
duration=6.79s

[23:32:30] MEESHO
Query: hp laptop bags
Search page: loaded
Selector used: modular_meesho
Products detected: 15
Products extracted: 15
Status: SUCCESS
Duration: 7.84 sec
[23:33:08] FLIPKART
query="hp laptop bags"
provider=flipkart_provider
status=success
retry=0
products=20
url=https://www.flipkart.com/search?q=hp%20laptop%20bags
duration=4.86s

[23:33:08] FLIPKART
Query: hp laptop bags
Search page: loaded
Selector used: modular_flipkart
Products detected: 20
Products extracted: 20
Status: SUCCESS
Duration: 4.87 sec
[23:33:08] FLIPKART
query="hp laptop bags"
provider=flipkart_provider
status=success
retry=0
products=20
duration=4.87s

[23:33:10] AMAZON
query="hp laptop bags"
provider=amazon_provider
status=success
retry=0
products=20
url=https://www.amazon.in/s?k=hp%20laptop%20bags
duration=5.98s

[23:33:10] AMAZON
Query: hp laptop bags
Search page: loaded
Selector used: modular_amazon
Products detected: 20
Products extracted: 20
Status: SUCCESS
Duration: 5.99 sec
[23:33:10] AMAZON
query="hp laptop bags"
provider=amazon_provider
status=success
retry=0
products=20
duration=5.99s

[23:33:14] MEESHO
query="hp laptop bags"
provider=meesho_provider
status=success
retry=2
products=15
url=https://www.meesho.com/search?q=hp+laptop+bags
duration=8.91s

[23:33:14] MEESHO
Query: hp laptop bags
Search page: loaded
Selector used: modular_meesho
Products detected: 15
Products extracted: 15
Status: SUCCESS
Duration: 10.05 sec
[23:33:14] MEESHO
query="hp laptop bags"
provider=meesho_provider
status=success
retry=0
products=15
duration=10.05s

[23:33:20] FLIPKART
query="chia seeds"
provider=flipkart_provider
status=success
retry=0
products=20
url=https://www.flipkart.com/search?q=chia%20seeds
duration=5.00s

[23:33:20] FLIPKART
Query: chia seeds
Search page: loaded
Selector used: modular_flipkart
Products detected: 20
Products extracted: 20
Status: SUCCESS
Duration: 5.01 sec
[23:33:20] FLIPKART
query="chia seeds"
provider=flipkart_provider
status=success
retry=0
products=20
duration=5.01s

[23:33:21] AMAZON
query="chia seeds"
provider=amazon_provider
status=success
retry=0
products=20
url=https://www.amazon.in/s?k=chia%20seeds
duration=6.65s

[23:33:21] AMAZON
Query: chia seeds
Search page: loaded
Selector used: modular_amazon
Products detected: 20
Products extracted: 20
Status: SUCCESS
Duration: 6.66 sec
[23:33:21] AMAZON
query="chia seeds"
provider=amazon_provider
status=success
retry=0
products=20
duration=6.66s

[23:33:25] MEESHO
query="chia seeds"
provider=meesho_provider
status=success
retry=2
products=15
url=https://www.meesho.com/search?q=chia+seeds
duration=9.45s

[23:33:25] MEESHO
Query: chia seeds
Search page: loaded
Selector used: modular_meesho
Products detected: 15
Products extracted: 15
Status: SUCCESS
Duration: 10.87 sec
[23:33:25] MEESHO
query="chia seeds"
provider=meesho_provider
status=success
retry=0
products=15
duration=10.87s

[23:33:34] FLIPKART
query="face wash"
provider=flipkart_provider
status=success
retry=0
products=20
url=https://www.flipkart.com/search?q=face%20wash
duration=4.80s

[23:33:34] FLIPKART
Query: face wash
Search page: loaded
Selector used: modular_flipkart
Products detected: 20
Products extracted: 20
Status: SUCCESS
Duration: 4.81 sec
[23:33:34] FLIPKART
query="face wash"
provider=flipkart_provider
status=success
retry=0
products=20
duration=4.81s

[23:33:36] AMAZON
query="face wash"
provider=amazon_provider
status=success
retry=0
products=20
url=https://www.amazon.in/s?k=face%20wash
duration=6.91s

[23:33:36] AMAZON
Query: face wash
Search page: loaded
Selector used: modular_amazon
Products detected: 20
Products extracted: 20
Status: SUCCESS
Duration: 6.91 sec
[23:33:36] AMAZON
query="face wash"
provider=amazon_provider
status=success
retry=0
products=20
duration=6.91s

[23:33:39] MEESHO
query="face wash"
provider=meesho_provider
status=success
retry=2
products=15
url=https://www.meesho.com/search?q=face+wash
duration=9.22s

[23:33:39] MEESHO
Query: face wash
Search page: loaded
Selector used: modular_meesho
Products detected: 15
Products extracted: 15
Status: SUCCESS
Duration: 10.58 sec
[23:33:39] MEESHO
query="face wash"
provider=meesho_provider
status=success
retry=0
products=15
duration=10.58s

[23:33:46] FLIPKART
query="vivo charger"
provider=flipkart_provider
status=success
retry=0
products=20
url=https://www.flipkart.com/search?q=vivo%20charger
duration=5.05s

[23:33:46] FLIPKART
Query: vivo charger
Search page: loaded
Selector used: modular_flipkart
Products detected: 20
Products extracted: 20
Status: SUCCESS
Duration: 5.05 sec
[23:33:46] FLIPKART
query="vivo charger"
provider=flipkart_provider
status=success
retry=0
products=20
duration=5.05s

[23:33:46] AMAZON
query="vivo charger"
provider=amazon_provider
status=success
retry=0
products=20
url=https://www.amazon.in/s?k=vivo%20charger
duration=5.79s

[23:33:46] AMAZON
Query: vivo charger
Search page: loaded
Selector used: modular_amazon
Products detected: 20
Products extracted: 20
Status: SUCCESS
Duration: 5.79 sec
[23:33:46] AMAZON
query="vivo charger"
provider=amazon_provider
status=success
retry=0
products=20
duration=5.79s

[23:33:51] MEESHO
query="vivo charger"
provider=meesho_provider
status=success
retry=2
products=15
url=https://www.meesho.com/search?q=vivo+charger
duration=9.53s

[23:33:51] MEESHO
Query: vivo charger
Search page: loaded
Selector used: modular_meesho
Products detected: 15
Products extracted: 15
Status: SUCCESS
Duration: 10.62 sec
[23:33:51] MEESHO
query="vivo charger"
provider=meesho_provider
status=success
retry=0
products=15
duration=10.62s

[23:36:02] AMAZON
query="hp laptop bags"
provider=amazon_provider
status=success
retry=0
products=20
url=https://www.amazon.in/s?k=hp%20laptop%20bags
duration=4.94s

[23:36:02] AMAZON
Query: hp laptop bags
Search page: loaded
Selector used: modular_amazon
Products detected: 20
Products extracted: 20
Status: SUCCESS
Duration: 4.94 sec
[23:36:14] FLIPKART
query="hp laptop bags"
provider=flipkart_provider
status=success
retry=0
products=20
url=https://www.flipkart.com/search?q=hp%20laptop%20bags
duration=3.53s

[23:36:14] FLIPKART
Query: hp laptop bags
Search page: loaded
Selector used: modular_flipkart
Products detected: 20
Products extracted: 20
Status: SUCCESS
Duration: 3.54 sec
[23:36:33] MEESHO
query="hp laptop bags"
provider=meesho_provider
status=success
retry=2
products=15
url=https://www.meesho.com/search?q=hp+laptop+bags
duration=7.94s

[23:36:33] MEESHO
Query: hp laptop bags
Search page: loaded
Selector used: modular_meesho
Products detected: 15
Products extracted: 15
Status: SUCCESS
Duration: 8.86 sec
[23:36:46] FLIPKART
query="hp laptop bags"
provider=flipkart_provider
status=success
retry=0
products=20
url=https://www.flipkart.com/search?q=hp%20laptop%20bags
duration=4.06s

[23:36:46] FLIPKART
Query: hp laptop bags
Search page: loaded
Selector used: modular_flipkart
Products detected: 20
Products extracted: 20
Status: SUCCESS
Duration: 4.06 sec
[23:36:46] FLIPKART
query="hp laptop bags"
provider=flipkart_provider
status=success
retry=0
products=20
duration=4.06s

[23:36:47] AMAZON
query="hp laptop bags"
provider=amazon_provider
status=success
retry=0
products=20
url=https://www.amazon.in/s?k=hp%20laptop%20bags
duration=5.24s

[23:36:47] AMAZON
Query: hp laptop bags
Search page: loaded
Selector used: modular_amazon
Products detected: 20
Products extracted: 20
Status: SUCCESS
Duration: 5.24 sec
[23:36:47] AMAZON
query="hp laptop bags"
provider=amazon_provider
status=success
retry=0
products=20
duration=5.24s

[23:36:51] MEESHO
query="hp laptop bags"
provider=meesho_provider
status=success
retry=2
products=15
url=https://www.meesho.com/search?q=hp+laptop+bags
duration=7.89s

[23:36:51] MEESHO
Query: hp laptop bags
Search page: loaded
Selector used: modular_meesho
Products detected: 15
Products extracted: 15
Status: SUCCESS
Duration: 8.93 sec
[23:36:51] MEESHO
query="hp laptop bags"
provider=meesho_provider
status=success
retry=0
products=15
duration=8.93s

[23:36:56] FLIPKART
query="chia seeds"
provider=flipkart_provider
status=success
retry=0
products=20
url=https://www.flipkart.com/search?q=chia%20seeds
duration=3.80s

[23:36:56] FLIPKART
Query: chia seeds
Search page: loaded
Selector used: modular_flipkart
Products detected: 20
Products extracted: 20
Status: SUCCESS
Duration: 3.80 sec
[23:36:56] FLIPKART
query="chia seeds"
provider=flipkart_provider
status=success
retry=0
products=20
duration=3.80s

[23:36:58] AMAZON
query="chia seeds"
provider=amazon_provider
status=success
retry=0
products=20
url=https://www.amazon.in/s?k=chia%20seeds
duration=6.38s

[23:36:58] AMAZON
Query: chia seeds
Search page: loaded
Selector used: modular_amazon
Products detected: 20
Products extracted: 20
Status: SUCCESS
Duration: 6.38 sec
[23:36:58] AMAZON
query="chia seeds"
provider=amazon_provider
status=success
retry=0
products=20
duration=6.38s

[23:37:02] MEESHO
query="chia seeds"
provider=meesho_provider
status=success
retry=2
products=15
url=https://www.meesho.com/search?q=chia+seeds
duration=9.10s

[23:37:02] MEESHO
Query: chia seeds
Search page: loaded
Selector used: modular_meesho
Products detected: 15
Products extracted: 15
Status: SUCCESS
Duration: 10.15 sec
[23:37:02] MEESHO
query="chia seeds"
provider=meesho_provider
status=success
retry=0
products=15
duration=10.15s

[23:37:08] FLIPKART
query="face wash"
provider=flipkart_provider
status=success
retry=0
products=20
url=https://www.flipkart.com/search?q=face%20wash
duration=4.13s

[23:37:08] FLIPKART
Query: face wash
Search page: loaded
Selector used: modular_flipkart
Products detected: 20
Products extracted: 20
Status: SUCCESS
Duration: 4.13 sec
[23:37:08] FLIPKART
query="face wash"
provider=flipkart_provider
status=success
retry=0
products=20
duration=4.13s

[23:37:11] AMAZON
query="face wash"
provider=amazon_provider
status=success
retry=0
products=20
url=https://www.amazon.in/s?k=face%20wash
duration=6.33s

[23:37:11] AMAZON
Query: face wash
Search page: loaded
Selector used: modular_amazon
Products detected: 20
Products extracted: 20
Status: SUCCESS
Duration: 6.33 sec
[23:37:11] AMAZON
query="face wash"
provider=amazon_provider
status=success
retry=0
products=20
duration=6.33s

[23:37:14] MEESHO
query="face wash"
provider=meesho_provider
status=success
retry=2
products=15
url=https://www.meesho.com/search?q=face+wash
duration=8.79s

[23:37:14] MEESHO
Query: face wash
Search page: loaded
Selector used: modular_meesho
Products detected: 15
Products extracted: 15
Status: SUCCESS
Duration: 10.00 sec
[23:37:14] MEESHO
query="face wash"
provider=meesho_provider
status=success
retry=0
products=15
duration=10.00s

[23:37:19] FLIPKART
query="vivo charger"
provider=flipkart_provider
status=success
retry=0
products=20
url=https://www.flipkart.com/search?q=vivo%20charger
duration=3.92s

[23:37:19] FLIPKART
Query: vivo charger
Search page: loaded
Selector used: modular_flipkart
Products detected: 20
Products extracted: 20
Status: SUCCESS
Duration: 3.93 sec
[23:37:19] FLIPKART
query="vivo charger"
provider=flipkart_provider
status=success
retry=0
products=20
duration=3.93s

[23:37:20] AMAZON
query="vivo charger"
provider=amazon_provider
status=success
retry=0
products=20
url=https://www.amazon.in/s?k=vivo%20charger
duration=4.71s

[23:37:20] AMAZON
Query: vivo charger
Search page: loaded
Selector used: modular_amazon
Products detected: 20
Products extracted: 20
Status: SUCCESS
Duration: 4.71 sec
[23:37:20] AMAZON
query="vivo charger"
provider=amazon_provider
status=success
retry=0
products=20
duration=4.71s

[23:37:25] MEESHO
query="vivo charger"
provider=meesho_provider
status=success
retry=2
products=15
url=https://www.meesho.com/search?q=vivo+charger
duration=8.68s

[23:37:25] MEESHO
Query: vivo charger
Search page: loaded
Selector used: modular_meesho
Products detected: 15
Products extracted: 15
Status: SUCCESS
Duration: 9.83 sec
[23:37:25] MEESHO
query="vivo charger"
provider=meesho_provider
status=success
retry=0
products=15
duration=9.83s

[23:37:31] AMAZON
query="hp laptop bags"
provider=amazon_provider
status=success
retry=0
products=20
url=https://www.amazon.in/s?k=hp%20laptop%20bags
duration=4.36s

[23:37:31] AMAZON
Query: hp laptop bags
Search page: loaded
Selector used: modular_amazon
Products detected: 20
Products extracted: 20
Status: SUCCESS
Duration: 4.36 sec
[23:37:38] AMAZON
Query: https://www.amazon.in/dp/B08CS591PD
Search page: loaded
Selector used: amazon_url_scraper
Products detected: 0
Products extracted: 0
Status: SCRAPER_ERROR
Duration: 7.04 sec
Error: Unable to retrieve product from Amazon URL
[23:38:05] AMAZON
Query: https://www.amazon.in/dp/B08CS591PD
Search page: loaded
Selector used: amazon_url_scraper
Products detected: 0
Products extracted: 0
Status: SCRAPER_ERROR
Duration: 6.86 sec
Error: Unable to retrieve product from Amazon URL
[23:38:26] AMAZON
Query: https://www.amazon.in/dp/B0BYDWD4VL
Search page: loaded
Selector used: amazon_url_scraper
Products detected: 1
Products extracted: 1
Status: SUCCESS
Duration: 4.39 sec
[23:38:30] FLIPKART
query="HP HP 330 15.6-inch Laptop Backpack"
provider=flipkart_provider
status=success
retry=0
products=20
url=https://www.flipkart.com/search?q=HP%20HP%20330%2015.6-inch%20Laptop%20Backpack
duration=4.30s

[23:38:30] FLIPKART
Query: HP HP 330 15.6-inch Laptop Backpack
Search page: loaded
Selector used: modular_flipkart
Products detected: 20
Products extracted: 20
Status: SUCCESS
Duration: 4.30 sec
[23:38:34] MEESHO
query="hp hp 330 15 6 inch laptop backpack"
provider=meesho_provider
status=success
retry=2
products=15
url=https://www.meesho.com/search?q=hp+hp+330+15+6+inch+laptop+backpack
duration=7.25s

[23:38:34] MEESHO
Query: HP HP 330 15.6-inch Laptop Backpack
Search page: loaded
Selector used: modular_meesho
Products detected: 15
Products extracted: 15
Status: SUCCESS
Duration: 8.29 sec
[23:39:02] FLIPKART
query="hp laptop bags"
provider=flipkart_provider
status=success
retry=0
products=20
url=https://www.flipkart.com/search?q=hp%20laptop%20bags
duration=4.24s

[23:39:02] FLIPKART
Query: hp laptop bags
Search page: loaded
Selector used: modular_flipkart
Products detected: 20
Products extracted: 20
Status: SUCCESS
Duration: 4.24 sec
[23:39:02] FLIPKART
query="hp laptop bags"
provider=flipkart_provider
status=success
retry=0
products=20
duration=4.24s

[23:39:03] AMAZON
query="hp laptop bags"
provider=amazon_provider
status=success
retry=0
products=20
url=https://www.amazon.in/s?k=hp%20laptop%20bags
duration=5.15s

[23:39:03] AMAZON
Query: hp laptop bags
Search page: loaded
Selector used: modular_amazon
Products detected: 20
Products extracted: 20
Status: SUCCESS
Duration: 5.15 sec
[23:39:03] AMAZON
query="hp laptop bags"
provider=amazon_provider
status=success
retry=0
products=20
duration=5.15s

[23:39:07] MEESHO
query="hp laptop bags"
provider=meesho_provider
status=success
retry=2
products=15
url=https://www.meesho.com/search?q=hp+laptop+bags
duration=8.36s

[23:39:07] MEESHO
Query: hp laptop bags
Search page: loaded
Selector used: modular_meesho
Products detected: 15
Products extracted: 15
Status: SUCCESS
Duration: 9.56 sec
[23:39:07] MEESHO
query="hp laptop bags"
provider=meesho_provider
status=success
retry=0
products=15
duration=9.56s

[23:39:13] FLIPKART
query="chia seeds"
provider=flipkart_provider
status=success
retry=0
products=20
url=https://www.flipkart.com/search?q=chia%20seeds
duration=4.28s

[23:39:13] FLIPKART
Query: chia seeds
Search page: loaded
Selector used: modular_flipkart
Products detected: 20
Products extracted: 20
Status: SUCCESS
Duration: 4.28 sec
[23:39:13] FLIPKART
query="chia seeds"
provider=flipkart_provider
status=success
retry=0
products=20
duration=4.28s

[23:39:15] AMAZON
query="chia seeds"
provider=amazon_provider
status=success
retry=0
products=20
url=https://www.amazon.in/s?k=chia%20seeds
duration=6.50s

[23:39:15] AMAZON
Query: chia seeds
Search page: loaded
Selector used: modular_amazon
Products detected: 20
Products extracted: 20
Status: SUCCESS
Duration: 6.50 sec
[23:39:15] AMAZON
query="chia seeds"
provider=amazon_provider
status=success
retry=0
products=20
duration=6.50s

[23:39:19] MEESHO
query="chia seeds"
provider=meesho_provider
status=success
retry=2
products=15
url=https://www.meesho.com/search?q=chia+seeds
duration=8.99s

[23:39:19] MEESHO
Query: chia seeds
Search page: loaded
Selector used: modular_meesho
Products detected: 15
Products extracted: 15
Status: SUCCESS
Duration: 10.26 sec
[23:39:19] MEESHO
query="chia seeds"
provider=meesho_provider
status=success
retry=0
products=15
duration=10.27s

[23:39:26] FLIPKART
query="face wash"
provider=flipkart_provider
status=success
retry=0
products=20
url=https://www.flipkart.com/search?q=face%20wash
duration=4.46s

[23:39:26] FLIPKART
Query: face wash
Search page: loaded
Selector used: modular_flipkart
Products detected: 20
Products extracted: 20
Status: SUCCESS
Duration: 4.46 sec
[23:39:26] FLIPKART
query="face wash"
provider=flipkart_provider
status=success
retry=0
products=20
duration=4.46s

[23:39:28] AMAZON
query="face wash"
provider=amazon_provider
status=success
retry=0
products=20
url=https://www.amazon.in/s?k=face%20wash
duration=6.61s

[23:39:28] AMAZON
Query: face wash
Search page: loaded
Selector used: modular_amazon
Products detected: 20
Products extracted: 20
Status: SUCCESS
Duration: 6.61 sec
[23:39:28] AMAZON
query="face wash"
provider=amazon_provider
status=success
retry=0
products=20
duration=6.61s

[23:39:32] MEESHO
query="face wash"
provider=meesho_provider
status=success
retry=2
products=15
url=https://www.meesho.com/search?q=face+wash
duration=9.47s

[23:39:32] MEESHO
Query: face wash
Search page: loaded
Selector used: modular_meesho
Products detected: 15
Products extracted: 15
Status: SUCCESS
Duration: 10.68 sec
[23:39:32] MEESHO
query="face wash"
provider=meesho_provider
status=success
retry=0
products=15
duration=10.68s

[23:39:37] FLIPKART
query="vivo charger"
provider=flipkart_provider
status=success
retry=0
products=20
url=https://www.flipkart.com/search?q=vivo%20charger
duration=4.21s

[23:39:37] FLIPKART
Query: vivo charger
Search page: loaded
Selector used: modular_flipkart
Products detected: 20
Products extracted: 20
Status: SUCCESS
Duration: 4.21 sec
[23:39:37] FLIPKART
query="vivo charger"
provider=flipkart_provider
status=success
retry=0
products=20
duration=4.21s

[23:39:38] AMAZON
query="vivo charger"
provider=amazon_provider
status=success
retry=0
products=20
url=https://www.amazon.in/s?k=vivo%20charger
duration=4.84s

[23:39:38] AMAZON
Query: vivo charger
Search page: loaded
Selector used: modular_amazon
Products detected: 20
Products extracted: 20
Status: SUCCESS
Duration: 4.84 sec
[23:39:38] AMAZON
query="vivo charger"
provider=amazon_provider
status=success
retry=0
products=20
duration=4.84s

[23:39:42] MEESHO
query="vivo charger"
provider=meesho_provider
status=success
retry=2
products=15
url=https://www.meesho.com/search?q=vivo+charger
duration=8.49s

[23:39:42] MEESHO
Query: vivo charger
Search page: loaded
Selector used: modular_meesho
Products detected: 15
Products extracted: 15
Status: SUCCESS
Duration: 9.49 sec
[23:39:42] MEESHO
query="vivo charger"
provider=meesho_provider
status=success
retry=0
products=15
duration=9.49s

[23:39:48] AMAZON
query="hp laptop bags"
provider=amazon_provider
status=success
retry=0
products=20
url=https://www.amazon.in/s?k=hp%20laptop%20bags
duration=4.37s

[23:39:48] AMAZON
Query: hp laptop bags
Search page: loaded
Selector used: modular_amazon
Products detected: 20
Products extracted: 20
Status: SUCCESS
Duration: 4.37 sec
[23:39:53] AMAZON
Query: https://www.amazon.in/dp/B0BYDWD4VL
Search page: loaded
Selector used: amazon_url_scraper
Products detected: 1
Products extracted: 1
Status: SUCCESS
Duration: 4.68 sec
[23:39:57] FLIPKART
query="HP HP 330 15.6-inch Laptop Backpack"
provider=flipkart_provider
status=success
retry=0
products=20
url=https://www.flipkart.com/search?q=HP%20HP%20330%2015.6-inch%20Laptop%20Backpack
duration=4.19s

[23:39:57] FLIPKART
Query: HP HP 330 15.6-inch Laptop Backpack
Search page: loaded
Selector used: modular_flipkart
Products detected: 20
Products extracted: 20
Status: SUCCESS
Duration: 4.19 sec
[23:40:01] MEESHO
query="hp hp 330 15 6 inch laptop backpack"
provider=meesho_provider
status=success
retry=2
products=15
url=https://www.meesho.com/search?q=hp+hp+330+15+6+inch+laptop+backpack
duration=7.89s

[23:40:01] MEESHO
Query: HP HP 330 15.6-inch Laptop Backpack
Search page: loaded
Selector used: modular_meesho
Products detected: 15
Products extracted: 15
Status: SUCCESS
Duration: 8.84 sec
[23:40:41] FLIPKART
query="hp laptop bags"
provider=flipkart_provider
status=success
retry=0
products=20
url=https://www.flipkart.com/search?q=hp%20laptop%20bags
duration=3.76s

[23:40:41] FLIPKART
Query: hp laptop bags
Search page: loaded
Selector used: modular_flipkart
Products detected: 20
Products extracted: 20
Status: SUCCESS
Duration: 3.76 sec
[23:40:57] MEESHO
query="hp laptop bags"
provider=meesho_provider
status=success
retry=2
products=15
url=https://www.meesho.com/search?q=hp+laptop+bags
duration=7.14s

[23:40:57] MEESHO
Query: hp laptop bags
Search page: loaded
Selector used: modular_meesho
Products detected: 15
Products extracted: 15
Status: SUCCESS
Duration: 8.16 sec
[23:41:21] MEESHO
query="vivo charger"
provider=meesho_provider
status=success
retry=2
products=15
url=https://www.meesho.com/search?q=vivo+charger
duration=7.11s

[23:41:21] MEESHO
Query: vivo charger
Search page: loaded
Selector used: modular_meesho
Products detected: 15
Products extracted: 15
Status: SUCCESS
Duration: 8.04 sec
[23:42:09] FLIPKART
query="hp laptop bags"
provider=flipkart_provider
status=success
retry=0
products=20
url=https://www.flipkart.com/search?q=hp%20laptop%20bags
duration=4.04s

[23:42:09] FLIPKART
Query: hp laptop bags
Search page: loaded
Selector used: modular_flipkart
Products detected: 20
Products extracted: 20
Status: SUCCESS
Duration: 4.04 sec
[23:42:35] MEESHO
query="vivo charger"
provider=meesho_provider
status=success
retry=2
products=15
url=https://www.meesho.com/search?q=vivo+charger
duration=8.44s

[23:42:35] MEESHO
Query: vivo charger
Search page: loaded
Selector used: modular_meesho
Products detected: 15
Products extracted: 15
Status: SUCCESS
Duration: 9.56 sec
[23:45:57] FLIPKART
query="hp laptop bags"
provider=flipkart_provider
status=success
retry=0
products=20
url=https://www.flipkart.com/search?q=hp%20laptop%20bags
duration=4.01s

[23:45:57] FLIPKART
Query: hp laptop bags
Search page: loaded
Selector used: modular_flipkart
Products detected: 20
Products extracted: 20
Status: SUCCESS
Duration: 4.01 sec
[23:46:07] MEESHO
query="hp laptop bags"
provider=meesho_provider
status=success
retry=2
products=15
url=https://www.meesho.com/search?q=hp+laptop+bags
duration=8.61s

[23:46:07] MEESHO
Query: hp laptop bags
Search page: loaded
Selector used: modular_meesho
Products detected: 15
Products extracted: 15
Status: SUCCESS
Duration: 9.67 sec
[23:47:07] FLIPKART
query="hp laptop bags"
provider=flipkart_provider
status=success
retry=0
products=20
url=https://www.flipkart.com/search?q=hp%20laptop%20bags
duration=4.42s

[23:47:07] FLIPKART
Query: hp laptop bags
Search page: loaded
Selector used: modular_flipkart
Products detected: 20
Products extracted: 20
Status: SUCCESS
Duration: 4.42 sec
[23:47:07] FLIPKART
query="hp laptop bags"
provider=flipkart_provider
status=success
retry=0
products=20
duration=4.42s

[23:47:10] AMAZON
query="hp laptop bags"
provider=amazon_provider
status=success
retry=0
products=20
url=https://www.amazon.in/s?k=hp%20laptop%20bags
duration=6.63s

[23:47:10] AMAZON
Query: hp laptop bags
Search page: loaded
Selector used: modular_amazon
Products detected: 20
Products extracted: 20
Status: SUCCESS
Duration: 6.63 sec
[23:47:10] AMAZON
query="hp laptop bags"
provider=amazon_provider
status=success
retry=0
products=20
duration=6.63s

[23:47:15] MEESHO
query="hp laptop bags"
provider=meesho_provider
status=success
retry=2
products=15
url=https://www.meesho.com/search?q=hp+laptop+bags
duration=10.54s

[23:47:15] MEESHO
Query: hp laptop bags
Search page: loaded
Selector used: modular_meesho
Products detected: 15
Products extracted: 15
Status: SUCCESS
Duration: 11.60 sec
[23:47:15] MEESHO
query="hp laptop bags"
provider=meesho_provider
status=success
retry=0
products=15
duration=11.60s

[23:47:59] FLIPKART
query="vivo charger"
provider=flipkart_provider
status=success
retry=0
products=20
url=https://www.flipkart.com/search?q=vivo%20charger
duration=4.56s

[23:47:59] FLIPKART
Query: vivo charger
Search page: loaded
Selector used: modular_flipkart
Products detected: 20
Products extracted: 20
Status: SUCCESS
Duration: 4.57 sec
[23:47:59] FLIPKART
query="vivo charger"
provider=flipkart_provider
status=success
retry=0
products=20
duration=4.57s

[23:48:01] AMAZON
query="vivo charger"
provider=amazon_provider
status=success
retry=0
products=20
url=https://www.amazon.in/s?k=vivo%20charger
duration=6.16s

[23:48:01] AMAZON
Query: vivo charger
Search page: loaded
Selector used: modular_amazon
Products detected: 20
Products extracted: 20
Status: SUCCESS
Duration: 6.16 sec
[23:48:01] AMAZON
query="vivo charger"
provider=amazon_provider
status=success
retry=0
products=20
duration=6.16s

[23:48:06] MEESHO
query="vivo charger"
provider=meesho_provider
status=success
retry=2
products=15
url=https://www.meesho.com/search?q=vivo+charger
duration=10.43s

[23:48:06] MEESHO
Query: vivo charger
Search page: loaded
Selector used: modular_meesho
Products detected: 15
Products extracted: 15
Status: SUCCESS
Duration: 11.58 sec
[23:48:06] MEESHO
query="vivo charger"
provider=meesho_provider
status=success
retry=0
products=15
duration=11.58s

[23:48:42] FLIPKART
query="chia seeds"
provider=flipkart_provider
status=success
retry=0
products=20
url=https://www.flipkart.com/search?q=chia%20seeds
duration=4.71s

[23:48:42] FLIPKART
Query: chia seeds
Search page: loaded
Selector used: modular_flipkart
Products detected: 20
Products extracted: 20
Status: SUCCESS
Duration: 4.71 sec
[23:48:42] FLIPKART
query="chia seeds"
provider=flipkart_provider
status=success
retry=0
products=20
duration=4.71s

[23:48:46] AMAZON
query="chia seeds"
provider=amazon_provider
status=success
retry=0
products=20
url=https://www.amazon.in/s?k=chia%20seeds
duration=8.69s

[23:48:46] AMAZON
Query: chia seeds
Search page: loaded
Selector used: modular_amazon
Products detected: 20
Products extracted: 20
Status: SUCCESS
Duration: 8.69 sec
[23:48:46] AMAZON
query="chia seeds"
provider=amazon_provider
status=success
retry=0
products=20
duration=8.69s

[23:48:50] MEESHO
query="chia seeds"
provider=meesho_provider
status=success
retry=2
products=15
url=https://www.meesho.com/search?q=chia+seeds
duration=11.66s

[23:48:50] MEESHO
Query: chia seeds
Search page: loaded
Selector used: modular_meesho
Products detected: 15
Products extracted: 15
Status: SUCCESS
Duration: 12.89 sec
[23:48:50] MEESHO
query="chia seeds"
provider=meesho_provider
status=success
retry=0
products=15
duration=12.89s

[23:48:59] FLIPKART
query="face wash"
provider=flipkart_provider
status=success
retry=0
products=20
url=https://www.flipkart.com/search?q=face%20wash
duration=4.50s

[23:48:59] FLIPKART
Query: face wash
Search page: loaded
Selector used: modular_flipkart
Products detected: 20
Products extracted: 20
Status: SUCCESS
Duration: 4.50 sec
[23:48:59] FLIPKART
query="face wash"
provider=flipkart_provider
status=success
retry=0
products=20
duration=4.51s

[23:49:02] AMAZON
query="face wash"
provider=amazon_provider
status=success
retry=0
products=20
url=https://www.amazon.in/s?k=face%20wash
duration=8.11s

[23:49:02] AMAZON
Query: face wash
Search page: loaded
Selector used: modular_amazon
Products detected: 20
Products extracted: 20
Status: SUCCESS
Duration: 8.11 sec
[23:49:02] AMAZON
query="face wash"
provider=amazon_provider
status=success
retry=0
products=20
duration=8.11s

[23:49:07] MEESHO
query="face wash"
provider=meesho_provider
status=success
retry=2
products=15
url=https://www.meesho.com/search?q=face+wash
duration=11.36s

[23:49:07] MEESHO
Query: face wash
Search page: loaded
Selector used: modular_meesho
Products detected: 15
Products extracted: 15
Status: SUCCESS
Duration: 12.42 sec
[23:49:07] MEESHO
query="face wash"
provider=meesho_provider
status=success
retry=0
products=15
duration=12.42s

[23:49:15] FLIPKART
query="headphones"
provider=flipkart_provider
status=success
retry=0
products=20
url=https://www.flipkart.com/search?q=headphones
duration=4.42s

[23:49:15] FLIPKART
Query: headphones
Search page: loaded
Selector used: modular_flipkart
Products detected: 20
Products extracted: 20
Status: SUCCESS
Duration: 4.42 sec
[23:49:15] FLIPKART
query="headphones"
provider=flipkart_provider
status=success
retry=0
products=20
duration=4.42s

[23:49:17] AMAZON
query="headphones"
provider=amazon_provider
status=success
retry=0
products=20
url=https://www.amazon.in/s?k=headphones
duration=7.09s

[23:49:17] AMAZON
Query: headphones
Search page: loaded
Selector used: modular_amazon
Products detected: 20
Products extracted: 20
Status: SUCCESS
Duration: 7.09 sec
[23:49:17] AMAZON
query="headphones"
provider=amazon_provider
status=success
retry=0
products=20
duration=7.09s

[23:49:22] MEESHO
query="headphones"
provider=meesho_provider
status=success
retry=2
products=15
url=https://www.meesho.com/search?q=headphones
duration=10.55s

[23:49:22] MEESHO
Query: headphones
Search page: loaded
Selector used: modular_meesho
Products detected: 15
Products extracted: 15
Status: SUCCESS
Duration: 11.88 sec
[23:49:22] MEESHO
query="headphones"
provider=meesho_provider
status=success
retry=0
products=15
duration=11.88s

[23:49:29] FLIPKART
query="shoes"
provider=flipkart_provider
status=success
retry=0
products=20
url=https://www.flipkart.com/search?q=shoes
duration=4.47s

[23:49:29] FLIPKART
Query: shoes
Search page: loaded
Selector used: modular_flipkart
Products detected: 20
Products extracted: 20
Status: SUCCESS
Duration: 4.47 sec
[23:49:29] FLIPKART
query="shoes"
provider=flipkart_provider
status=success
retry=0
products=20
duration=4.47s

[23:49:34] AMAZON
query="shoes"
provider=amazon_provider
status=success
retry=0
products=20
url=https://www.amazon.in/s?k=shoes
duration=9.56s

[23:49:34] AMAZON
Query: shoes
Search page: loaded
Selector used: modular_amazon
Products detected: 20
Products extracted: 20
Status: SUCCESS
Duration: 9.56 sec
[23:49:34] AMAZON
query="shoes"
provider=amazon_provider
status=success
retry=0
products=20
duration=9.56s

[23:49:37] MEESHO
query="shoes"
provider=meesho_provider
status=success
retry=2
products=15
url=https://www.meesho.com/search?q=shoes
duration=11.55s

[23:49:37] MEESHO
Query: shoes
Search page: loaded
Selector used: modular_meesho
Products detected: 15
Products extracted: 15
Status: SUCCESS
Duration: 12.76 sec
[23:49:37] MEESHO
query="shoes"
provider=meesho_provider
status=success
retry=0
products=15
duration=12.76s

[23:49:43] FLIPKART
query="shirts"
provider=flipkart_provider
status=success
retry=0
products=20
url=https://www.flipkart.com/search?q=shirts
duration=4.50s

[23:49:43] FLIPKART
Query: shirts
Search page: loaded
Selector used: modular_flipkart
Products detected: 20
Products extracted: 20
Status: SUCCESS
Duration: 4.50 sec
[23:49:43] FLIPKART
query="shirts"
provider=flipkart_provider
status=success
retry=0
products=20
duration=4.50s

[23:49:48] AMAZON
query="shirts"
provider=amazon_provider
status=success
retry=0
products=20
url=https://www.amazon.in/s?k=shirts
duration=9.85s

[23:49:48] AMAZON
Query: shirts
Search page: loaded
Selector used: modular_amazon
Products detected: 20
Products extracted: 20
Status: SUCCESS
Duration: 9.85 sec
[23:49:48] AMAZON
query="shirts"
provider=amazon_provider
status=success
retry=0
products=20
duration=9.85s

[23:49:51] MEESHO
query="shirts"
provider=meesho_provider
status=success
retry=2
products=15
url=https://www.meesho.com/search?q=shirts
duration=11.59s

[23:49:51] MEESHO
Query: shirts
Search page: loaded
Selector used: modular_meesho
Products detected: 15
Products extracted: 15
Status: SUCCESS
Duration: 12.66 sec
[23:49:51] MEESHO
query="shirts"
provider=meesho_provider
status=success
retry=0
products=15
duration=12.66s

[23:49:57] FLIPKART
query="handbag"
provider=flipkart_provider
status=success
retry=0
products=20
url=https://www.flipkart.com/search?q=handbag
duration=5.03s

[23:49:57] FLIPKART
Query: handbag
Search page: loaded
Selector used: modular_flipkart
Products detected: 20
Products extracted: 20
Status: SUCCESS
Duration: 5.03 sec
[23:49:57] FLIPKART
query="handbag"
provider=flipkart_provider
status=success
retry=0
products=20
duration=5.09s

[23:50:00] AMAZON
query="handbag"
provider=amazon_provider
status=success
retry=0
products=20
url=https://www.amazon.in/s?k=handbag
duration=8.20s

[23:50:00] AMAZON
Query: handbag
Search page: loaded
Selector used: modular_amazon
Products detected: 20
Products extracted: 20
Status: SUCCESS
Duration: 8.20 sec
[23:50:00] AMAZON
query="handbag"
provider=amazon_provider
status=success
retry=0
products=20
duration=8.20s

[23:50:06] MEESHO
query="handbag"
provider=meesho_provider
status=success
retry=2
products=15
url=https://www.meesho.com/search?q=handbag
duration=12.63s

[23:50:06] MEESHO
Query: handbag
Search page: loaded
Selector used: modular_meesho
Products detected: 15
Products extracted: 15
Status: SUCCESS
Duration: 14.20 sec
[23:50:06] MEESHO
query="handbag"
provider=meesho_provider
status=success
retry=0
products=15
duration=14.23s

[23:50:07] AMAZON
query="shoes"
provider=amazon_provider
status=success
retry=0
products=20
url=https://www.amazon.in/s?k=shoes
duration=8.72s

[23:50:07] AMAZON
Query: shoes
Search page: loaded
Selector used: modular_amazon
Products detected: 20
Products extracted: 20
Status: SUCCESS
Duration: 8.74 sec
[23:50:13] FLIPKART
query="lipstick"
provider=flipkart_provider
status=success
retry=0
products=20
url=https://www.flipkart.com/search?q=lipstick
duration=5.07s

[23:50:13] FLIPKART
Query: lipstick
Search page: loaded
Selector used: modular_flipkart
Products detected: 20
Products extracted: 20
Status: SUCCESS
Duration: 5.07 sec
[23:50:13] FLIPKART
query="lipstick"
provider=flipkart_provider
status=success
retry=0
products=20
duration=5.07s

[23:50:16] AMAZON
query="lipstick"
provider=amazon_provider
status=success
retry=0
products=20
url=https://www.amazon.in/s?k=lipstick
duration=8.36s

[23:50:16] AMAZON
Query: lipstick
Search page: loaded
Selector used: modular_amazon
Products detected: 20
Products extracted: 20
Status: SUCCESS
Duration: 8.36 sec
[23:50:16] AMAZON
query="lipstick"
provider=amazon_provider
status=success
retry=0
products=20
duration=8.36s

[23:50:22] MEESHO
query="lipstick"
provider=meesho_provider
status=success
retry=2
products=15
url=https://www.meesho.com/search?q=lipstick
duration=12.87s

[23:50:22] MEESHO
Query: lipstick
Search page: loaded
Selector used: modular_meesho
Products detected: 15
Products extracted: 15
Status: SUCCESS
Duration: 13.99 sec
[23:50:22] MEESHO
query="lipstick"
provider=meesho_provider
status=success
retry=0
products=15
duration=13.99s

[23:50:29] FLIPKART
query="smartphone"
provider=flipkart_provider
status=success
retry=0
products=20
url=https://www.flipkart.com/search?q=smartphone
duration=4.63s

[23:50:29] FLIPKART
Query: smartphone
Search page: loaded
Selector used: modular_flipkart
Products detected: 20
Products extracted: 20
Status: SUCCESS
Duration: 4.63 sec
[23:50:29] FLIPKART
query="smartphone"
provider=flipkart_provider
status=success
retry=0
products=20
duration=4.64s

[23:50:31] AMAZON
query="smartphone"
provider=amazon_provider
status=success
retry=0
products=20
url=https://www.amazon.in/s?k=smartphone
duration=6.77s

[23:50:31] AMAZON
Query: smartphone
Search page: loaded
Selector used: modular_amazon
Products detected: 20
Products extracted: 20
Status: SUCCESS
Duration: 6.78 sec
[23:50:31] AMAZON
query="smartphone"
provider=amazon_provider
status=success
retry=0
products=20
duration=6.78s

[23:50:37] MEESHO
query="smartphone"
provider=meesho_provider
status=success
retry=2
products=15
url=https://www.meesho.com/search?q=smartphone
duration=11.38s

[23:50:37] MEESHO
Query: smartphone
Search page: loaded
Selector used: modular_meesho
Products detected: 15
Products extracted: 15
Status: SUCCESS
Duration: 12.53 sec
[23:50:37] MEESHO
query="smartphone"
provider=meesho_provider
status=success
retry=0
products=15
duration=12.53s

[23:50:43] FLIPKART
query="water bottle"
provider=flipkart_provider
status=success
retry=0
products=20
url=https://www.flipkart.com/search?q=water%20bottle
duration=4.51s

[23:50:43] FLIPKART
Query: water bottle
Search page: loaded
Selector used: modular_flipkart
Products detected: 20
Products extracted: 20
Status: SUCCESS
Duration: 4.51 sec
[23:50:43] FLIPKART
query="water bottle"
provider=flipkart_provider
status=success
retry=0
products=20
duration=4.51s

[23:50:46] AMAZON
query="water bottle"
provider=amazon_provider
status=success
retry=0
products=20
url=https://www.amazon.in/s?k=water%20bottle
duration=8.10s

[23:50:46] AMAZON
Query: water bottle
Search page: loaded
Selector used: modular_amazon
Products detected: 20
Products extracted: 20
Status: SUCCESS
Duration: 8.10 sec
[23:50:46] AMAZON
query="water bottle"
provider=amazon_provider
status=success
retry=0
products=20
duration=8.10s

[23:50:51] MEESHO
query="water bottle"
provider=meesho_provider
status=success
retry=2
products=15
url=https://www.meesho.com/search?q=water+bottle
duration=11.90s

[23:50:51] MEESHO
Query: water bottle
Search page: loaded
Selector used: modular_meesho
Products detected: 15
Products extracted: 15
Status: SUCCESS
Duration: 12.98 sec
[23:50:51] MEESHO
query="water bottle"
provider=meesho_provider
status=success
retry=0
products=15
duration=12.98s

[23:51:02] FLIPKART
query="kitchen products"
provider=flipkart_provider
status=success
retry=0
products=20
url=https://www.flipkart.com/search?q=kitchen%20products
duration=5.26s

[23:51:02] FLIPKART
Query: kitchen products
Search page: loaded
Selector used: modular_flipkart
Products detected: 20
Products extracted: 20
Status: SUCCESS
Duration: 5.28 sec
[23:51:02] FLIPKART
query="kitchen products"
provider=flipkart_provider
status=success
retry=0
products=20
duration=5.28s

[23:51:05] AMAZON
query="kitchen products"
provider=amazon_provider
status=success
retry=0
products=20
url=https://www.amazon.in/s?k=kitchen%20products
duration=8.37s

[23:51:05] AMAZON
Query: kitchen products
Search page: loaded
Selector used: modular_amazon
Products detected: 20
Products extracted: 20
Status: SUCCESS
Duration: 8.37 sec
[23:51:05] AMAZON
query="kitchen products"
provider=amazon_provider
status=success
retry=0
products=20
duration=8.37s

[23:51:11] MEESHO
query="kitchen products"
provider=meesho_provider
status=success
retry=2
products=15
url=https://www.meesho.com/search?q=kitchen+products
duration=13.69s

[23:51:11] MEESHO
Query: kitchen products
Search page: loaded
Selector used: modular_meesho
Products detected: 15
Products extracted: 15
Status: SUCCESS
Duration: 14.82 sec
[23:51:11] MEESHO
query="kitchen products"
provider=meesho_provider
status=success
retry=0
products=15
duration=14.82s

[23:57:53] FLIPKART
query="shoes"
provider=flipkart_provider
status=success
retry=0
products=20
url=https://www.flipkart.com/search?q=shoes
duration=4.88s

[23:57:53] FLIPKART
Query: shoes
Search page: loaded
Selector used: modular_flipkart
Products detected: 20
Products extracted: 20
Status: SUCCESS
Duration: 4.88 sec
[23:57:53] FLIPKART
query="shoes"
provider=flipkart_provider
status=success
retry=0
products=20
duration=4.88s

[23:57:56] AMAZON
query="shoes"
provider=amazon_provider
status=success
retry=0
products=20
url=https://www.amazon.in/s?k=shoes
duration=7.39s

[23:57:56] AMAZON
Query: shoes
Search page: loaded
Selector used: modular_amazon
Products detected: 20
Products extracted: 20
Status: SUCCESS
Duration: 7.39 sec
[23:57:56] AMAZON
query="shoes"
provider=amazon_provider
status=success
retry=0
products=20
duration=7.39s

[23:58:01] MEESHO
query="shoes"
provider=meesho_provider
status=success
retry=2
products=15
url=https://www.meesho.com/search?q=shoes
duration=11.00s

[23:58:01] MEESHO
Query: shoes
Search page: loaded
Selector used: modular_meesho
Products detected: 15
Products extracted: 15
Status: SUCCESS
Duration: 12.13 sec
[23:58:01] MEESHO
query="shoes"
provider=meesho_provider
status=success
retry=0
products=15
duration=12.13s

[23:58:08] FLIPKART
query="shirts"
provider=flipkart_provider
status=success
retry=0
products=20
url=https://www.flipkart.com/search?q=shirts
duration=4.09s

[23:58:08] FLIPKART
Query: shirts
Search page: loaded
Selector used: modular_flipkart
Products detected: 20
Products extracted: 20
Status: SUCCESS
Duration: 4.09 sec
[23:58:08] FLIPKART
query="shirts"
provider=flipkart_provider
status=success
retry=0
products=20
duration=4.09s

[23:58:11] AMAZON
query="shirts"
provider=amazon_provider
status=success
retry=0
products=20
url=https://www.amazon.in/s?k=shirts
duration=7.52s

[23:58:11] AMAZON
Query: shirts
Search page: loaded
Selector used: modular_amazon
Products detected: 20
Products extracted: 20
Status: SUCCESS
Duration: 7.52 sec
[23:58:11] AMAZON
query="shirts"
provider=amazon_provider
status=success
retry=0
products=20
duration=7.52s

[23:58:15] MEESHO
query="shirts"
provider=meesho_provider
status=success
retry=2
products=15
url=https://www.meesho.com/search?q=shirts
duration=10.60s

[23:58:15] MEESHO
Query: shirts
Search page: loaded
Selector used: modular_meesho
Products detected: 15
Products extracted: 15
Status: SUCCESS
Duration: 11.63 sec
[23:58:15] MEESHO
query="shirts"
provider=meesho_provider
status=success
retry=0
products=15
duration=11.63s

[23:58:21] FLIPKART
query="smartphone"
provider=flipkart_provider
status=success
retry=0
products=20
url=https://www.flipkart.com/search?q=smartphone
duration=4.56s

[23:58:21] FLIPKART
Query: smartphone
Search page: loaded
Selector used: modular_flipkart
Products detected: 20
Products extracted: 20
Status: SUCCESS
Duration: 4.56 sec
[23:58:21] FLIPKART
query="smartphone"
provider=flipkart_provider
status=success
retry=0
products=20
duration=4.56s

[23:58:23] AMAZON
query="smartphone"
provider=amazon_provider
status=success
retry=0
products=20
url=https://www.amazon.in/s?k=smartphone
duration=6.17s

[23:58:23] AMAZON
Query: smartphone
Search page: loaded
Selector used: modular_amazon
Products detected: 20
Products extracted: 20
Status: SUCCESS
Duration: 6.17 sec
[23:58:23] AMAZON
query="smartphone"
provider=amazon_provider
status=success
retry=0
products=20
duration=6.17s

[23:58:28] MEESHO
query="smartphone"
provider=meesho_provider
status=success
retry=2
products=15
url=https://www.meesho.com/search?q=smartphone
duration=10.09s

[23:58:28] MEESHO
Query: smartphone
Search page: loaded
Selector used: modular_meesho
Products detected: 15
Products extracted: 15
Status: SUCCESS
Duration: 11.23 sec
[23:58:28] MEESHO
query="smartphone"
provider=meesho_provider
status=success
retry=0
products=15
duration=11.23s

[23:58:48] MEESHO
query="smartphone"
provider=meesho_provider
status=success
retry=2
products=15
url=https://www.meesho.com/search?q=smartphone
duration=8.49s

[23:58:48] MEESHO
Query: smartphone
Search page: loaded
Selector used: modular_meesho
Products detected: 15
Products extracted: 15
Status: SUCCESS
Duration: 10.37 sec
[00:00:03] FLIPKART
query="hp laptop bags"
provider=flipkart_provider
status=success
retry=0
products=20
url=https://www.flipkart.com/search?q=hp%20laptop%20bags
duration=4.74s

[00:00:03] FLIPKART
Query: hp laptop bags
Search page: loaded
Selector used: modular_flipkart
Products detected: 20
Products extracted: 20
Status: SUCCESS
Duration: 4.74 sec
[00:00:03] FLIPKART
query="hp laptop bags"
provider=flipkart_provider
status=success
retry=0
products=20
duration=4.74s

[00:00:05] AMAZON
query="hp laptop bags"
provider=amazon_provider
status=success
retry=0
products=20
url=https://www.amazon.in/s?k=hp%20laptop%20bags
duration=6.30s

[00:00:05] AMAZON
Query: hp laptop bags
Search page: loaded
Selector used: modular_amazon
Products detected: 20
Products extracted: 20
Status: SUCCESS
Duration: 6.30 sec
[00:00:05] AMAZON
query="hp laptop bags"
provider=amazon_provider
status=success
retry=0
products=20
duration=6.30s

[00:00:10] MEESHO
query="hp laptop bags"
provider=meesho_provider
status=success
retry=2
products=15
url=https://www.meesho.com/search?q=hp+laptop+bags
duration=10.57s

[00:00:10] MEESHO
Query: hp laptop bags
Search page: loaded
Selector used: modular_meesho
Products detected: 15
Products extracted: 15
Status: SUCCESS
Duration: 11.66 sec
[00:00:10] MEESHO
query="hp laptop bags"
provider=meesho_provider
status=success
retry=0
products=15
duration=11.66s

[00:06:59] MEESHO
query="hp laptop bags"
provider=meesho_provider
status=blocked
retry=2
products=0
url=https://www.meesho.com/search?q=hp+laptop+bags
duration=77.28s
error=Access Denied by edge protection

[00:06:59] MEESHO
Query: hp laptop bags
Search page: loaded
Selector used: modular_meesho
Products detected: 0
Products extracted: 0
Status: BLOCKED
Duration: 77.28 sec
Error: Access Denied by edge protection
[00:06:59] MEESHO
query="hp laptop bags"
provider=meesho_provider
status=blocked
retry=0
products=0
duration=77.28s

[00:07:02] FLIPKART
query="hp laptop bags"
provider=flipkart_provider
status=success
retry=0
products=20
url=https://www.flipkart.com/search?q=hp%20laptop%20bags
duration=80.00s

[00:07:02] FLIPKART
Query: hp laptop bags
Search page: loaded
Selector used: modular_flipkart
Products detected: 20
Products extracted: 20
Status: SUCCESS
Duration: 80.01 sec
[00:07:02] FLIPKART
query="hp laptop bags"
provider=flipkart_provider
status=success
retry=0
products=20
duration=80.02s

[00:07:10] AMAZON
query="hp laptop bags"
provider=amazon_provider
status=timeout
retry=1
products=0
url=https://www.amazon.in/s?k=hp%20laptop%20bags
duration=88.33s
error=Page.goto: Timeout 20000ms exceeded.

[00:07:10] AMAZON
Query: hp laptop bags
Search page: loaded
Selector used: modular_amazon
Products detected: 0
Products extracted: 0
Status: TIMEOUT
Duration: 88.33 sec
Error: Page.goto: Timeout 20000ms exceeded.
Call log:
  - navigating to "https://www.amazon.in/s?k=hp%20laptop%20bags", waiting until "domcontentloaded"

[00:07:10] AMAZON
query="hp laptop bags"
provider=amazon_provider
status=timeout
retry=0
products=0
duration=88.34s

[00:36:25] FLIPKART
query="ghar soap"
provider=flipkart_provider
status=timeout
retry=0
products=0
url=https://www.flipkart.com/search?q=ghar%20soap
duration=86.17s
error=Page.goto: Timeout 28000ms exceeded.

[00:36:25] FLIPKART
Query: ghar soap
Search page: loaded
Selector used: modular_flipkart
Products detected: 0
Products extracted: 0
Status: TIMEOUT
Duration: 86.20 sec
Error: Page.goto: Timeout 28000ms exceeded.
Call log:
  - navigating to "https://www.flipkart.com/search?q=ghar%20soap", waiting until "domcontentloaded"

[00:36:26] AMAZON
query="ghar soap"
provider=amazon_provider
status=timeout
retry=0
products=0
url=https://www.amazon.in/s?k=ghar%20soap
duration=86.36s
error=Page.goto: Timeout 28000ms exceeded.

[00:36:26] FLIPKART
query="ghar soap"
provider=flipkart_provider
status=timeout
retry=0
products=0
duration=86.38s

[00:36:26] AMAZON
Query: ghar soap
Search page: loaded
Selector used: modular_amazon
Products detected: 0
Products extracted: 0
Status: TIMEOUT
Duration: 86.38 sec
Error: Page.goto: Timeout 28000ms exceeded.
Call log:
  - navigating to "https://www.amazon.in/s?k=ghar%20soap", waiting until "domcontentloaded"

[00:36:26] AMAZON
query="ghar soap"
provider=amazon_provider
status=timeout
retry=0
products=0
duration=86.39s

[00:38:12] MEESHO
query="ghar soap"
provider=meesho_provider
status=success
retry=2
products=15
url=https://www.meesho.com/search?q=ghar+soap
duration=186.26s

[00:38:12] MEESHO
Query: ghar soap
Search page: loaded
Selector used: modular_meesho
Products detected: 15
Products extracted: 15
Status: SUCCESS
Duration: 192.80 sec
[00:38:12] MEESHO
query="ghar soap"
provider=meesho_provider
status=success
retry=0
products=15
duration=192.80s

[01:27:08] MEESHO
query="hp laptop bags"
provider=meesho_provider
status=success
retry=0
products=1
duration=0.00s

[01:27:08] FLIPKART
query="hp laptop bags"
provider=flipkart_provider
status=success
retry=0
products=1
duration=0.00s

[01:27:08] AMAZON
query="hp laptop bags"
provider=amazon_provider
status=timeout
retry=0
products=0
duration=0.00s

[01:29:58] MEESHO
query="hp laptop bags"
provider=meesho_provider
status=success
retry=0
products=1
duration=0.00s

[01:29:58] FLIPKART
query="hp laptop bags"
provider=flipkart_provider
status=success
retry=0
products=1
duration=0.00s

[01:29:58] AMAZON
query="hp laptop bags"
provider=amazon_provider
status=timeout
retry=0
products=0
duration=0.00s

[01:33:00] AMAZON
query="hp laptop bags"
provider=amazon_provider
status=timeout
retry=0
products=0
duration=0.00s

[01:33:00] FLIPKART
query="hp laptop bags"
provider=flipkart_provider
status=success
retry=0
products=1
duration=0.00s

[01:33:00] MEESHO
query="hp laptop bags"
provider=meesho_provider
status=success
retry=0
products=1
duration=0.00s

[01:33:50] MEESHO
query="hp laptop bags"
provider=meesho_provider
status=success
retry=0
products=1
duration=0.00s

[01:33:50] AMAZON
query="hp laptop bags"
provider=amazon_provider
status=timeout
retry=0
products=0
duration=0.00s

[01:33:50] FLIPKART
query="hp laptop bags"
provider=flipkart_provider
status=success
retry=0
products=1
duration=0.00s

[01:35:23] MEESHO
query="hp laptop bags"
provider=meesho_provider
status=success
retry=0
products=1
duration=0.00s

[01:35:23] AMAZON
query="hp laptop bags"
provider=amazon_provider
status=timeout
retry=0
products=0
duration=0.00s

[01:35:23] FLIPKART
query="hp laptop bags"
provider=flipkart_provider
status=success
retry=0
products=1
duration=0.00s

[01:35:56] MEESHO
query="hp laptop bags"
provider=meesho_provider
status=success
retry=0
products=1
duration=0.00s

[01:35:56] FLIPKART
query="hp laptop bags"
provider=flipkart_provider
status=success
retry=0
products=1
duration=0.00s

[01:35:56] AMAZON
query="hp laptop bags"
provider=amazon_provider
status=timeout
retry=0
products=0
duration=0.00s

[01:37:21] AMAZON
query="hp laptop bags"
provider=amazon_provider
status=success
retry=0
products=20
url=https://www.amazon.in/s?k=hp%20laptop%20bags
duration=7.63s

[01:37:21] AMAZON
Query: hp laptop bags
Search page: loaded
Selector used: modular_amazon
Products detected: 20
Products extracted: 20
Status: SUCCESS
Duration: 7.65 sec
[01:37:26] FLIPKART
query="hp laptop bags"
provider=flipkart_provider
status=success
retry=0
products=20
url=https://www.flipkart.com/search?q=hp%20laptop%20bags
duration=5.64s

[01:37:26] FLIPKART
Query: hp laptop bags
Search page: loaded
Selector used: modular_flipkart
Products detected: 20
Products extracted: 20
Status: SUCCESS
Duration: 5.64 sec
[01:37:43] MEESHO
query="hp laptop bags"
provider=meesho_provider
status=success
retry=2
products=15
url=https://www.meesho.com/search?q=hp+laptop+bags
duration=10.78s

[01:37:43] MEESHO
Query: hp laptop bags
Search page: loaded
Selector used: modular_meesho
Products detected: 15
Products extracted: 15
Status: SUCCESS
Duration: 16.87 sec
[01:37:47] AMAZON
query="realme gt 7"
provider=amazon_provider
status=success
retry=0
products=20
url=https://www.amazon.in/s?k=realme%20gt%207
duration=4.36s

[01:37:47] AMAZON
Query: realme gt 7
Search page: loaded
Selector used: modular_amazon
Products detected: 20
Products extracted: 20
Status: SUCCESS
Duration: 4.36 sec
[01:37:53] FLIPKART
query="realme gt 7"
provider=flipkart_provider
status=success
retry=0
products=20
url=https://www.flipkart.com/search?q=realme%20gt%207
duration=5.25s

[01:37:53] FLIPKART
Query: realme gt 7
Search page: loaded
Selector used: modular_flipkart
Products detected: 20
Products extracted: 20
Status: SUCCESS
Duration: 5.26 sec
[01:38:04] MEESHO
query="realme gt 7"
provider=meesho_provider
status=success
retry=2
products=15
url=https://www.meesho.com/search?q=realme+gt+7
duration=9.94s

[01:38:04] MEESHO
Query: realme gt 7
Search page: loaded
Selector used: modular_meesho
Products detected: 15
Products extracted: 15
Status: SUCCESS
Duration: 10.94 sec
[01:38:13] AMAZON
query="chia seeds"
provider=amazon_provider
status=success
retry=0
products=20
url=https://www.amazon.in/s?k=chia%20seeds
duration=9.75s

[01:38:13] AMAZON
Query: chia seeds
Search page: loaded
Selector used: modular_amazon
Products detected: 20
Products extracted: 20
Status: SUCCESS
Duration: 9.77 sec
[01:38:20] FLIPKART
query="chia seeds"
provider=flipkart_provider
status=success
retry=0
products=20
url=https://www.flipkart.com/search?q=chia%20seeds
duration=6.29s

[01:38:20] FLIPKART
Query: chia seeds
Search page: loaded
Selector used: modular_flipkart
Products detected: 20
Products extracted: 20
Status: SUCCESS
Duration: 6.29 sec
[01:38:36] MEESHO
query="chia seeds"
provider=meesho_provider
status=success
retry=2
products=15
url=https://www.meesho.com/search?q=chia+seeds
duration=10.17s

[01:38:36] MEESHO
Query: chia seeds
Search page: loaded
Selector used: modular_meesho
Products detected: 15
Products extracted: 15
Status: SUCCESS
Duration: 16.74 sec
[01:40:26] AMAZON
query="hp laptop bags"
provider=amazon_provider
status=success
retry=0
products=20
url=https://www.amazon.in/s?k=hp%20laptop%20bags
duration=5.40s

[01:40:26] AMAZON
Query: hp laptop bags
Search page: loaded
Selector used: modular_amazon
Products detected: 20
Products extracted: 20
Status: SUCCESS
Duration: 5.41 sec
[01:40:49] FLIPKART
query="hp laptop bags"
provider=flipkart_provider
status=success
retry=0
products=20
url=https://www.flipkart.com/search?q=hp%20laptop%20bags
duration=3.86s

[01:40:49] FLIPKART
Query: hp laptop bags
Search page: loaded
Selector used: modular_flipkart
Products detected: 20
Products extracted: 20
Status: SUCCESS
Duration: 3.87 sec
[01:42:02] FLIPKART
query="hp laptop bags"
provider=flipkart_provider
status=success
retry=0
products=20
url=https://www.flipkart.com/search?q=hp%20laptop%20bags
duration=4.00s

[01:42:02] FLIPKART
Query: hp laptop bags
Search page: loaded
Selector used: modular_flipkart
Products detected: 20
Products extracted: 20
Status: SUCCESS
Duration: 4.01 sec
[01:42:02] FLIPKART
query="hp laptop bags"
provider=flipkart_provider
status=success
retry=0
products=20
duration=4.01s

[01:42:04] AMAZON
query="hp laptop bags"
provider=amazon_provider
status=success
retry=0
products=20
url=https://www.amazon.in/s?k=hp%20laptop%20bags
duration=5.87s

[01:42:04] AMAZON
Query: hp laptop bags
Search page: loaded
Selector used: modular_amazon
Products detected: 20
Products extracted: 20
Status: SUCCESS
Duration: 5.88 sec
[01:42:04] AMAZON
query="hp laptop bags"
provider=amazon_provider
status=success
retry=0
products=20
duration=5.88s

[01:42:09] MEESHO
query="hp laptop bags"
provider=meesho_provider
status=success
retry=2
products=15
url=https://www.meesho.com/search?q=hp+laptop+bags
duration=9.50s

[01:42:09] MEESHO
Query: hp laptop bags
Search page: loaded
Selector used: modular_meesho
Products detected: 15
Products extracted: 15
Status: SUCCESS
Duration: 10.67 sec
[01:42:09] MEESHO
query="hp laptop bags"
provider=meesho_provider
status=success
retry=0
products=15
duration=10.67s

[01:42:18] MEESHO
query="hp laptop bags"
provider=meesho_provider
status=success
retry=2
products=15
url=https://www.meesho.com/search?q=hp+laptop+bags
duration=8.50s

[01:42:18] MEESHO
Query: hp laptop bags
Search page: loaded
Selector used: modular_meesho
Products detected: 15
Products extracted: 15
Status: SUCCESS
Duration: 9.76 sec
[01:42:18] MEESHO
query="hp laptop bags"
provider=meesho_provider
status=success
retry=0
products=15
duration=9.76s

[01:42:45] FLIPKART
query="realme gt 7"
provider=flipkart_provider
status=success
retry=0
products=20
url=https://www.flipkart.com/search?q=realme%20gt%207
duration=4.29s

[01:42:45] FLIPKART
Query: realme gt 7
Search page: loaded
Selector used: modular_flipkart
Products detected: 20
Products extracted: 20
Status: SUCCESS
Duration: 4.29 sec
[01:43:38] MEESHO
query="chia seeds"
provider=meesho_provider
status=success
retry=2
products=15
url=https://www.meesho.com/search?q=chia+seeds
duration=8.19s

[01:43:38] MEESHO
Query: chia seeds
Search page: loaded
Selector used: modular_meesho
Products detected: 15
Products extracted: 15
Status: SUCCESS
Duration: 9.35 sec
[01:46:15] FLIPKART
query="ghar soap"
provider=flipkart_provider
status=timeout
retry=0
products=0
url=https://www.flipkart.com/search?q=ghar%20soap
duration=71.61s
error=Page.goto: Timeout 18000ms exceeded.

[01:46:15] FLIPKART
Query: ghar soap
Search page: loaded
Selector used: modular_flipkart
Products detected: 0
Products extracted: 0
Status: TIMEOUT
Duration: 71.61 sec
Error: Page.goto: Timeout 18000ms exceeded.
Call log:
  - navigating to "https://www.flipkart.com/search?q=ghar%20soap", waiting until "domcontentloaded"

[01:46:15] FLIPKART
query="ghar soap"
provider=flipkart_provider
status=timeout
retry=0
products=0
duration=71.61s

[01:46:30] AMAZON
query="ghar soap"
provider=amazon_provider
status=timeout
retry=0
products=0
url=https://www.amazon.in/s?k=ghar%20soap
duration=87.09s
error=Page.goto: Timeout 18000ms exceeded.

[01:46:30] AMAZON
Query: ghar soap
Search page: loaded
Selector used: modular_amazon
Products detected: 0
Products extracted: 0
Status: TIMEOUT
Duration: 87.10 sec
Error: Page.goto: Timeout 18000ms exceeded.
Call log:
  - navigating to "https://www.amazon.in/s?k=ghar%20soap", waiting until "domcontentloaded"

[01:46:30] AMAZON
query="ghar soap"
provider=amazon_provider
status=timeout
retry=0
products=0
duration=87.10s

[01:47:06] MEESHO
query="ghar soap"
provider=meesho_provider
status=blocked
retry=2
products=0
url=https://www.meesho.com/search?q=ghar+soap
duration=122.75s
error=Access Denied by edge protection

[01:47:06] MEESHO
query="ghar soap"
provider=meesho_provider
status=scraper_error
retry=0
products=0
duration=122.75s

[10:37:41] FLIPKART
Query: https://dl.flipkart.com/s/BnEwk1uuuN
Search page: loaded
Selector used: flipkart_url_scraper
Products detected: 1
Products extracted: 1
Status: SUCCESS
Duration: 40.21 sec
[10:37:47] AMAZON
query="TRIGGR Raptor 30ms Low Latency,"
provider=amazon_provider
status=success
retry=0
products=3
url=https://www.amazon.in/s?k=TRIGGR%20Raptor%2030ms%20Low%20Latency%2C
duration=6.29s

[10:37:47] AMAZON
Query: TRIGGR Raptor 30ms Low Latency,
Search page: loaded
Selector used: modular_amazon
Products detected: 3
Products extracted: 3
Status: SUCCESS
Duration: 6.30 sec
[10:38:04] MEESHO
query="triggr raptor 30ms low latency"
provider=meesho_provider
status=success
retry=2
products=15
url=https://www.meesho.com/search?q=triggr+raptor+30ms+low+latency
duration=18.21s

[10:38:04] MEESHO
Query: TRIGGR Raptor 30ms Low Latency,
Search page: loaded
Selector used: modular_meesho
Products detected: 15
Products extracted: 15
Status: SUCCESS
Duration: 23.59 sec
[10:39:58] FLIPKART
Query: https://dl.flipkart.com/s/wjqA90NNNN
Search page: loaded
Selector used: flipkart_url_scraper
Products detected: 1
Products extracted: 1
Status: SUCCESS
Duration: 11.61 sec
[10:40:04] AMAZON
query="boAt Storm Call w/ 4.29"
provider=amazon_provider
status=success
retry=0
products=16
url=https://www.amazon.in/s?k=boAt%20Storm%20Call%20w/%204.29
duration=6.48s

[10:40:04] AMAZON
Query: boAt Storm Call w/ 4.29
Search page: loaded
Selector used: modular_amazon
Products detected: 16
Products extracted: 16
Status: SUCCESS
Duration: 6.49 sec
[10:40:11] MEESHO
query="boat storm call w 4 29"
provider=meesho_provider
status=success
retry=2
products=15
url=https://www.meesho.com/search?q=boat+storm+call+w+4+29
duration=10.92s

[10:40:11] MEESHO
Query: boAt Storm Call w/ 4.29
Search page: loaded
Selector used: modular_meesho
Products detected: 15
Products extracted: 15
Status: SUCCESS
Duration: 12.98 sec
[11:26:16] FLIPKART
Query: https://dl.flipkart.com/dl/noise-alt-watch-1-1-32-amoled-display-built-in-gps-ai-suite-functional-crown-smartwatch/p/itm233df5904a1de?pid=SMWHHPQ3SZHNKCHH&lid=LSTSMWHHPQ3SZHNKCHHXORUOM&marketplace=FLIPKART&q=watch+smart+watch+noise&store=ajy/buh&srno=s_1_2&otracker=AS_Query_OrganicAutoSuggest_2_9_na_na_ps&otracker1=AS_Query_OrganicAutoSuggest_2_9_na_na_ps&fm=search-autosuggest&iid=en_6tb4Etzj1e7YAcoTt96XarIDjG3VfrcQYwG426aQ9rf_LChP7glAUvnf2GLXQkBgyySnX5i90A_F9zrGTqYMVo6SbWwZVv08tL7phHsldAsvtcF0RHezqu8D2Dp77THM&ppt=sp&ppn=sp&ssid=q0fjmottu80000001789105917808&qH=86191902a1f30331&ov_redirect=true&_refId=&_appId=CL
Search page: loaded
Selector used: flipkart_url_scraper
Products detected: 1
Products extracted: 1
Status: SUCCESS
Duration: 243.28 sec
[11:26:23] AMAZON
query="Noise Alt Watch 1, 1.32"
provider=amazon_provider
status=success
retry=0
products=19
url=https://www.amazon.in/s?k=Noise%20Alt%20Watch%201%2C%201.32
duration=7.33s

[11:26:23] AMAZON
Query: Noise Alt Watch 1, 1.32
Search page: loaded
Selector used: modular_amazon
Products detected: 19
Products extracted: 19
Status: SUCCESS
Duration: 7.33 sec
[11:26:35] MEESHO
query="noise alt watch 1 1 32"
provider=meesho_provider
status=success
retry=2
products=15
url=https://www.meesho.com/search?q=noise+alt+watch+1+1+32
duration=15.44s

[11:26:35] MEESHO
Query: Noise Alt Watch 1, 1.32
Search page: loaded
Selector used: modular_meesho
Products detected: 15
Products extracted: 15
Status: SUCCESS
Duration: 19.23 sec
[22:43:14] AMAZON
query="Samsung Mobiles 256 GB 8 GB"
provider=amazon_provider
status=success
retry=0
products=15
url=https://www.amazon.in/s?k=Samsung%20Mobiles%20256%20GB%208%20GB
duration=84.21s

[22:43:14] AMAZON
Query: Samsung Mobiles 256 GB 8 GB
Search page: loaded
Selector used: modular_amazon
Products detected: 15
Products extracted: 15
Status: SUCCESS
Duration: 84.30 sec
[22:43:14] AMAZON
query="Samsung Mobiles 256 GB 8 GB"
provider=amazon_provider
status=success
retry=0
products=15
duration=84.33s

[22:43:15] FLIPKART
query="Samsung Mobiles 256 GB 8 GB"
provider=flipkart_provider
status=success
retry=0
products=20
url=https://www.flipkart.com/search?q=Samsung%20Mobiles%20256%20GB%208%20GB
duration=82.58s

[22:43:15] FLIPKART
Query: Samsung Mobiles 256 GB 8 GB
Search page: loaded
Selector used: modular_flipkart
Products detected: 20
Products extracted: 20
Status: SUCCESS
Duration: 82.58 sec
[22:43:15] FLIPKART
query="Samsung Mobiles 256 GB 8 GB"
provider=flipkart_provider
status=success
retry=0
products=20
duration=82.59s

[22:43:21] MEESHO
query="samsung mobiles 256gb 8gb"
provider=meesho_provider
status=success
retry=2
products=15
url=https://www.meesho.com/search?q=samsung+mobiles+256gb+8gb
duration=87.72s

[22:43:21] MEESHO
Query: Samsung Mobiles 256 GB 8 GB
Search page: loaded
Selector used: modular_meesho
Products detected: 15
Products extracted: 15
Status: SUCCESS
Duration: 89.18 sec
[22:43:21] MEESHO
query="Samsung Mobiles 256 GB 8 GB"
provider=meesho_provider
status=success
retry=0
products=15
duration=89.18s

[22:45:56] FLIPKART
Query: https://dl.flipkart.com/s/uVo_dONNNN
Search page: loaded
Selector used: flipkart_url_scraper
Products detected: 0
Products extracted: 0
Status: SCRAPER_ERROR
Duration: 46.18 sec
Error: Page.goto: Timeout 28000ms exceeded.
Call log:
  - navigating to "https://www.flipkart.com/samsung-galaxy-f70-pro-5g-alpha-black-256-gb/p/itm37bbb9ed78024?pid=MOBHZ8YSB7NVXSGY&lid=LSTMOBHZ8YSB7NVXSGY7NIOVU&_refId=&_appId=CL", waiting until "domcontentloaded"

[22:47:52] FLIPKART
Query: https://dl.flipkart.com/s/uVo_dONNNN
Search page: loaded
Selector used: flipkart_url_scraper
Products detected: 1
Products extracted: 1
Status: SUCCESS
Duration: 114.86 sec
[22:47:58] AMAZON
query="Samsung Galaxy F70 Pro 5G"
provider=amazon_provider
status=success
retry=0
products=16
url=https://www.amazon.in/s?k=Samsung%20Galaxy%20F70%20Pro%205G
duration=5.84s

[22:47:58] AMAZON
Query: Samsung Galaxy F70 Pro 5G
Search page: loaded
Selector used: modular_amazon
Products detected: 16
Products extracted: 16
Status: SUCCESS
Duration: 5.84 sec
[22:48:12] MEESHO
query="samsung galaxy f70 pro 5g"
provider=meesho_provider
status=success
retry=2
products=15
url=https://www.meesho.com/search?q=samsung+galaxy+f70+pro+5g
duration=17.40s

[22:48:12] MEESHO
Query: Samsung Galaxy F70 Pro 5G
Search page: loaded
Selector used: modular_meesho
Products detected: 15
Products extracted: 15
Status: SUCCESS
Duration: 20.14 sec
[22:52:34] FLIPKART
Query: https://dl.flipkart.com/s/NwAurAuuuN
Search page: loaded
Selector used: flipkart_url_scraper
Products detected: 1
Products extracted: 1
Status: SUCCESS
Duration: 37.30 sec
[22:52:42] AMAZON
query="Vivo 256GB"
provider=amazon_provider
status=success
retry=0
products=16
url=https://www.amazon.in/s?k=Vivo%20256GB
duration=7.75s

[22:52:42] AMAZON
Query: Vivo 256GB
Search page: loaded
Selector used: modular_amazon
Products detected: 16
Products extracted: 16
Status: SUCCESS
Duration: 7.76 sec
[22:52:50] MEESHO
query="vivo 256gb"
provider=meesho_provider
status=success
retry=2
products=15
url=https://www.meesho.com/search?q=vivo+256gb
duration=12.97s

[22:52:50] MEESHO
Query: Vivo 256GB
Search page: loaded
Selector used: modular_meesho
Products detected: 15
Products extracted: 15
Status: SUCCESS
Duration: 15.66 sec
[23:00:35] AMAZON
query="vivo S2 (256 GB Storage, 8 GB RAM) Online at Best Price On Flipkart.com"
provider=amazon_provider
status=success
retry=0
products=16
url=https://www.amazon.in/s?k=vivo%20S2%20%28256%20GB%20Storage%2C%208%20GB%20RAM%29%20Online%20at%20Best%20Price%20On%20Flipkart.com
duration=5.67s

[23:00:35] AMAZON
Query: vivo S2 (256 GB Storage, 8 GB RAM) Online at Best Price On Flipkart.com
Search page: loaded
Selector used: modular_amazon
Products detected: 16
Products extracted: 16
Status: SUCCESS
Duration: 5.68 sec
[23:00:35] AMAZON
query="vivo S2 (256 GB Storage, 8 GB RAM) Online at Best Price On Flipkart.com"
provider=amazon_provider
status=success
retry=0
products=16
duration=5.68s

[23:00:36] FLIPKART
query="vivo S2 (256 GB Storage, 8 GB RAM) Online at Best Price On Flipkart.com"
provider=flipkart_provider
status=success
retry=0
products=18
url=https://www.flipkart.com/search?q=vivo%20S2%20%28256%20GB%20Storage%2C%208%20GB%20RAM%29%20Online%20at%20Best%20Price%20On%20Flipkart.com
duration=7.50s

[23:00:36] FLIPKART
Query: vivo S2 (256 GB Storage, 8 GB RAM) Online at Best Price On Flipkart.com
Search page: loaded
Selector used: modular_flipkart
Products detected: 18
Products extracted: 18
Status: SUCCESS
Duration: 7.51 sec
[23:00:36] FLIPKART
query="vivo S2 (256 GB Storage, 8 GB RAM) Online at Best Price On Flipkart.com"
provider=flipkart_provider
status=success
retry=0
products=18
duration=7.51s

[23:00:43] MEESHO
query="vivo s2 256gb storage 8gb ram price flipkart com"
provider=meesho_provider
status=success
retry=2
products=15
url=https://www.meesho.com/search?q=vivo+s2+256gb+storage+8gb+ram+price+flipkart+com
duration=11.88s

[23:00:43] MEESHO
Query: vivo S2 (256 GB Storage, 8 GB RAM) Online at Best Price On Flipkart.com
Search page: loaded
Selector used: modular_meesho
Products detected: 15
Products extracted: 15
Status: SUCCESS
Duration: 13.98 sec
[23:00:43] MEESHO
query="vivo S2 (256 GB Storage, 8 GB RAM) Online at Best Price On Flipkart.com"
provider=meesho_provider
status=success
retry=0
products=15
duration=13.98s

[01:10:59] FLIPKART
query="pilgrim face wash"
provider=flipkart_provider
status=timeout
retry=0
products=0
url=https://www.flipkart.com/search?q=pilgrim%20face%20wash
duration=53.36s
error=Page.goto: Timeout 28000ms exceeded.

[01:10:59] FLIPKART
Query: pilgrim face wash
Search page: loaded
Selector used: modular_flipkart
Products detected: 0
Products extracted: 0
Status: TIMEOUT
Duration: 53.63 sec
Error: Page.goto: Timeout 28000ms exceeded.
Call log:
  - navigating to "https://www.flipkart.com/search?q=pilgrim%20face%20wash", waiting until "domcontentloaded"

[01:10:59] AMAZON
query="pilgrim face wash"
provider=amazon_provider
status=timeout
retry=0
products=0
url=https://www.amazon.in/s?k=pilgrim%20face%20wash
duration=54.26s
error=Page.goto: Timeout 28000ms exceeded.

[01:11:00] FLIPKART
query="pilgrim face wash"
provider=flipkart_provider
status=timeout
retry=0
products=0
duration=54.15s

[01:11:00] AMAZON
Query: pilgrim face wash
Search page: loaded
Selector used: modular_amazon
Products detected: 0
Products extracted: 0
Status: TIMEOUT
Duration: 55.00 sec
Error: Page.goto: Timeout 28000ms exceeded.
Call log:
  - navigating to "https://www.amazon.in/s?k=pilgrim%20face%20wash", waiting until "domcontentloaded"

[01:11:00] AMAZON
query="pilgrim face wash"
provider=amazon_provider
status=timeout
retry=0
products=0
duration=55.15s

[01:11:13] MEESHO
query="pilgrim face wash"
provider=meesho_provider
status=success
retry=2
products=15
url=https://www.meesho.com/search?q=pilgrim+face+wash
duration=65.97s

[01:11:13] MEESHO
Query: pilgrim face wash
Search page: loaded
Selector used: modular_meesho
Products detected: 15
Products extracted: 15
Status: SUCCESS
Duration: 67.50 sec
[01:11:13] MEESHO
query="pilgrim face wash"
provider=meesho_provider
status=success
retry=0
products=15
duration=67.50s

[01:12:30] FLIPKART
query="vivo t4 5g"
provider=flipkart_provider
status=success
retry=0
products=20
url=https://www.flipkart.com/search?q=vivo%20t4%205g
duration=7.76s

[01:12:30] FLIPKART
Query: vivo t4 5g
Search page: loaded
Selector used: modular_flipkart
Products detected: 20
Products extracted: 20
Status: SUCCESS
Duration: 7.76 sec
[01:12:30] FLIPKART
query="vivo t4 5g"
provider=flipkart_provider
status=success
retry=0
products=20
duration=7.76s

[01:12:31] AMAZON
query="vivo t4 5g"
provider=amazon_provider
status=success
retry=0
products=20
url=https://www.amazon.in/s?k=vivo%20t4%205g
duration=9.34s

[01:12:31] AMAZON
Query: vivo t4 5g
Search page: loaded
Selector used: modular_amazon
Products detected: 20
Products extracted: 20
Status: SUCCESS
Duration: 9.34 sec
[01:12:31] AMAZON
query="vivo t4 5g"
provider=amazon_provider
status=success
retry=0
products=20
duration=9.34s

[01:12:36] MEESHO
query="vivo t4 5g"
provider=meesho_provider
status=success
retry=2
products=15
url=https://www.meesho.com/search?q=vivo+t4+5g
duration=12.13s

[01:12:36] MEESHO
Query: vivo t4 5g
Search page: loaded
Selector used: modular_meesho
Products detected: 15
Products extracted: 15
Status: SUCCESS
Duration: 13.82 sec
[01:12:36] MEESHO
query="vivo t4 5g"
provider=meesho_provider
status=success
retry=0
products=15
duration=13.82s

[01:47:35] FLIPKART
query="vivo t4 5g"
provider=flipkart_provider
status=success
retry=0
products=20
url=https://www.flipkart.com/search?q=vivo%20t4%205g
duration=11.31s

[01:47:35] FLIPKART
Query: vivo t4 5g
Search page: loaded
Selector used: modular_flipkart
Products detected: 20
Products extracted: 20
Status: SUCCESS
Duration: 11.32 sec
[01:47:35] FLIPKART
query="vivo t4 5g"
provider=flipkart_provider
status=success
retry=0
products=20
duration=11.32s

[01:47:36] AMAZON
query="vivo t4 5g"
provider=amazon_provider
status=success
retry=0
products=8
url=https://www.amazon.in/s?k=vivo%20t4%205g
duration=12.08s

[01:47:36] AMAZON
Query: vivo t4 5g
Search page: loaded
Selector used: modular_amazon
Products detected: 8
Products extracted: 8
Status: SUCCESS
Duration: 12.08 sec
[01:47:36] AMAZON
query="vivo t4 5g"
provider=amazon_provider
status=success
retry=0
products=8
duration=12.09s

[01:47:42] MEESHO
query="vivo t4 5g"
provider=meesho_provider
status=success
retry=2
products=15
url=https://www.meesho.com/search?q=vivo+t4+5g
duration=17.89s

[01:47:42] MEESHO
Query: vivo t4 5g
Search page: loaded
Selector used: modular_meesho
Products detected: 15
Products extracted: 15
Status: SUCCESS
Duration: 17.90 sec
[01:47:42] MEESHO
query="vivo t4 5g"
provider=meesho_provider
status=success
retry=0
products=15
duration=17.90s

[01:50:29] FLIPKART
query="hp laptop charger"
provider=flipkart_provider
status=success
retry=0
products=20
url=https://www.flipkart.com/search?q=hp%20laptop%20charger
duration=34.00s

[01:50:29] FLIPKART
Query: hp laptop charger
Search page: loaded
Selector used: modular_flipkart
Products detected: 20
Products extracted: 20
Status: SUCCESS
Duration: 34.01 sec
[01:50:29] FLIPKART
query="hp laptop charger"
provider=flipkart_provider
status=success
retry=0
products=20
duration=34.02s

[01:50:34] AMAZON
query="hp laptop charger"
provider=amazon_provider
status=success
retry=0
products=19
url=https://www.amazon.in/s?k=hp%20laptop%20charger
duration=38.24s

[01:50:34] AMAZON
Query: hp laptop charger
Search page: loaded
Selector used: modular_amazon
Products detected: 19
Products extracted: 19
Status: SUCCESS
Duration: 38.26 sec
[01:50:34] AMAZON
query="hp laptop charger"
provider=amazon_provider
status=success
retry=0
products=19
duration=38.26s

[01:50:47] MEESHO
query="hp laptop charger"
provider=meesho_provider
status=success
retry=2
products=15
url=https://www.meesho.com/search?q=hp+laptop+charger
duration=47.24s

[01:50:47] MEESHO
Query: hp laptop charger
Search page: loaded
Selector used: modular_meesho
Products detected: 15
Products extracted: 15
Status: SUCCESS
Duration: 51.24 sec
[01:50:47] MEESHO
query="hp laptop charger"
provider=meesho_provider
status=success
retry=0
products=15
duration=51.24s

[01:53:26] AMAZON
query="iphone 17pro max"
provider=amazon_provider
status=timeout
retry=0
products=0
url=https://www.amazon.in/s?k=iphone%2017pro%20max
duration=85.09s
error=Page.goto: Timeout 28000ms exceeded.

[01:53:26] AMAZON
Query: iphone 17pro max
Search page: loaded
Selector used: modular_amazon
Products detected: 0
Products extracted: 0
Status: TIMEOUT
Duration: 85.11 sec
Error: Page.goto: Timeout 28000ms exceeded.
Call log:
  - navigating to "https://www.amazon.in/s?k=iphone%2017pro%20max", waiting until "domcontentloaded"

[01:53:27] AMAZON
query="iphone 17pro max"
provider=amazon_provider
status=timeout
retry=0
products=0
duration=85.28s

[01:53:27] FLIPKART
query="iphone 17pro max"
provider=flipkart_provider
status=timeout
retry=0
products=0
url=https://www.flipkart.com/search?q=iphone%2017pro%20max
duration=85.36s
error=Page.goto: Timeout 28000ms exceeded.

[01:53:29] FLIPKART
Query: iphone 17pro max
Search page: loaded
Selector used: modular_flipkart
Products detected: 0
Products extracted: 0
Status: TIMEOUT
Duration: 87.21 sec
Error: Page.goto: Timeout 28000ms exceeded.
Call log:
  - navigating to "https://www.flipkart.com/search?q=iphone%2017pro%20max", waiting until "domcontentloaded"

[01:53:29] FLIPKART
query="iphone 17pro max"
provider=flipkart_provider
status=timeout
retry=0
products=0
duration=87.79s

[01:54:48] MEESHO
query="iphone 17pro max"
provider=meesho_provider
status=success
retry=2
products=15
url=https://www.meesho.com/search?q=iphone+17pro+max
duration=165.23s

[01:54:49] MEESHO
Query: iphone 17pro max
Search page: loaded
Selector used: modular_meesho
Products detected: 15
Products extracted: 15
Status: SUCCESS
Duration: 166.93 sec
[01:54:49] MEESHO
query="iphone 17pro max"
provider=meesho_provider
status=success
retry=0
products=15
duration=166.93s

[02:00:19] FLIPKART
query="pilgrim face wash"
provider=flipkart_provider
status=success
retry=0
products=20
url=https://www.flipkart.com/search?q=pilgrim%20face%20wash
duration=24.40s

[02:00:19] FLIPKART
Query: pilgrim face wash
Search page: loaded
Selector used: modular_flipkart
Products detected: 20
Products extracted: 20
Status: SUCCESS
Duration: 24.44 sec
[02:00:19] FLIPKART
query="pilgrim face wash"
provider=flipkart_provider
status=success
retry=0
products=20
duration=24.45s

[02:00:28] AMAZON
query="pilgrim face wash"
provider=amazon_provider
status=success
retry=0
products=20
url=https://www.amazon.in/s?k=pilgrim%20face%20wash
duration=35.50s

[02:00:28] AMAZON
Query: pilgrim face wash
Search page: loaded
Selector used: modular_amazon
Products detected: 20
Products extracted: 20
Status: SUCCESS
Duration: 35.52 sec
[02:00:28] AMAZON
query="pilgrim face wash"
provider=amazon_provider
status=success
retry=0
products=20
duration=35.52s

[02:00:39] MEESHO
query="pilgrim face wash"
provider=meesho_provider
status=success
retry=2
products=15
url=https://www.meesho.com/search?q=pilgrim+face+wash
duration=38.97s

[02:00:39] MEESHO
Query: pilgrim face wash
Search page: loaded
Selector used: modular_meesho
Products detected: 15
Products extracted: 15
Status: SUCCESS
Duration: 44.52 sec
[02:00:39] MEESHO
query="pilgrim face wash"
provider=meesho_provider
status=success
retry=0
products=15
duration=44.55s

[02:06:46] FLIPKART
query="boAt Smartwatch"
provider=flipkart_provider
status=success
retry=0
products=20
url=https://www.flipkart.com/search?q=boAt%20Smartwatch
duration=40.13s

[02:06:46] FLIPKART
Query: boAt Smartwatch
Search page: loaded
Selector used: modular_flipkart
Products detected: 20
Products extracted: 20
Status: SUCCESS
Duration: 40.16 sec
[02:06:46] FLIPKART
query="boAt Smartwatch"
provider=flipkart_provider
status=success
retry=0
products=20
duration=40.16s

[02:06:50] AMAZON
query="boAt Smartwatch"
provider=amazon_provider
status=success
retry=0
products=20
url=https://www.amazon.in/s?k=boAt%20Smartwatch
duration=44.52s

[02:06:50] AMAZON
Query: boAt Smartwatch
Search page: loaded
Selector used: modular_amazon
Products detected: 20
Products extracted: 20
Status: SUCCESS
Duration: 44.53 sec
[02:06:50] AMAZON
query="boAt Smartwatch"
provider=amazon_provider
status=success
retry=0
products=20
duration=44.53s

[02:06:55] MEESHO
query="boat smartwatch"
provider=meesho_provider
status=success
retry=2
products=15
url=https://www.meesho.com/search?q=boat+smartwatch
duration=45.23s

[02:06:55] MEESHO
Query: boAt Smartwatch
Search page: loaded
Selector used: modular_meesho
Products detected: 15
Products extracted: 15
Status: SUCCESS
Duration: 49.33 sec
[02:06:55] MEESHO
query="boAt Smartwatch"
provider=meesho_provider
status=success
retry=0
products=15
duration=49.33s

[19:26:58] AMAZON
query="vivo  x300 fe"
provider=amazon_provider
status=success
retry=0
products=18
url=https://www.amazon.in/s?k=vivo%20%20x300%20fe
duration=4.23s

[19:26:58] AMAZON
Query: vivo  x300 fe
Search page: loaded
Selector used: modular_amazon
Products detected: 18
Products extracted: 18
Status: SUCCESS
Duration: 4.23 sec
[19:26:58] AMAZON
query="vivo  x300 fe"
provider=amazon_provider
status=success
retry=0
products=18
duration=4.23s

[19:27:06] FLIPKART
query="vivo  x300 fe"
provider=flipkart_provider
status=success
retry=0
products=9
url=https://www.flipkart.com/search?q=vivo%20%20x300%20fe
duration=11.92s

[19:27:06] FLIPKART
Query: vivo  x300 fe
Search page: loaded
Selector used: modular_flipkart
Products detected: 9
Products extracted: 9
Status: SUCCESS
Duration: 11.92 sec
[19:27:06] FLIPKART
query="vivo  x300 fe"
provider=flipkart_provider
status=success
retry=0
products=9
duration=11.92s

[19:27:16] MEESHO
query="vivo x300 fe"
provider=meesho_provider
status=success
retry=2
products=15
url=https://www.meesho.com/search?q=vivo+x300+fe
duration=21.87s

[19:27:16] MEESHO
Query: vivo  x300 fe
Search page: loaded
Selector used: modular_meesho
Products detected: 15
Products extracted: 15
Status: SUCCESS
Duration: 21.89 sec
[19:27:16] MEESHO
query="vivo  x300 fe"
provider=meesho_provider
status=success
retry=0
products=15
duration=21.89s

[19:29:11] AMAZON
query="hp laptop charger"
provider=amazon_provider
status=success
retry=0
products=18
url=https://www.amazon.in/s?k=hp%20laptop%20charger
duration=3.78s

[19:29:11] AMAZON
Query: hp laptop charger
Search page: loaded
Selector used: modular_amazon
Products detected: 18
Products extracted: 18
Status: SUCCESS
Duration: 3.78 sec
[19:29:11] AMAZON
query="hp laptop charger"
provider=amazon_provider
status=success
retry=0
products=18
duration=3.78s

[19:29:12] FLIPKART
query="hp laptop charger"
provider=flipkart_provider
status=success
retry=0
products=20
url=https://www.flipkart.com/search?q=hp%20laptop%20charger
duration=5.34s

[19:29:12] FLIPKART
Query: hp laptop charger
Search page: loaded
Selector used: modular_flipkart
Products detected: 20
Products extracted: 20
Status: SUCCESS
Duration: 5.34 sec
[19:29:12] FLIPKART
query="hp laptop charger"
provider=flipkart_provider
status=success
retry=0
products=20
duration=5.34s

[19:29:29] MEESHO
query="hp laptop charger"
provider=meesho_provider
status=success
retry=2
products=15
url=https://www.meesho.com/search?q=hp+laptop+charger
duration=21.76s

[19:29:29] MEESHO
Query: hp laptop charger
Search page: loaded
Selector used: modular_meesho
Products detected: 15
Products extracted: 15
Status: SUCCESS
Duration: 21.78 sec
[19:29:29] MEESHO
query="hp laptop charger"
provider=meesho_provider
status=success
retry=0
products=15
duration=21.79s

